model,model_label,condition,task_id,category,rule_ids,provenance_type,source_case_ids,initial_response_format_valid,initial_parse_status,initial_static_status,initial_executed,initial_runtime_status,initial_success,initial_failure_layer,initial_error_codes,application_id_initial,repair_eligible,repair_success,repair_failure_layer,repair_executed,repair_runtime_status,repair_error_codes,application_id_repair,final_after_one_repair_success,initial_batch_id,repair_batch_id,parser_engineering_fix_applied,parser_version_authoritative,strict_initial_success,sensitivity_initial_success,sensitivity_flip_0_to_1,sensitivity_blind_case_id,sensitivity_case_decision,sensitivity_extra_decisions_json
qwen,Qwen3.5-9B,C0_closed_book,F_A01,A_resource,R01_EXECUTOR_MEMORY,DIRECT_REAL_CASE_ADAPTATION,,True,OK,PASS,True,PASS,True,,,application_1790519959162_0300,False,,,,,,,True,20260930T101751Z_fe995b04,20260930T132312Z_62a763de,False,0.1.1,TRUE,TRUE,FALSE,,STRICT_PASS,
qwen,Qwen3.5-9B,C0_closed_book,F_A02,A_resource,R01_EXECUTOR_MEMORY,DIRECT_REAL_CASE_ADAPTATION,,True,OK,PASS,True,PASS,True,,,application_1790519959162_0301,False,,,,,,,True,20260930T101751Z_fe995b04,20260930T132312Z_62a763de,False,0.1.1,TRUE,TRUE,FALSE,,STRICT_PASS,
qwen,Qwen3.5-9B,C0_closed_book,F_A03,A_resource,R12_EXECUTOR_CORES,DIRECT_REAL_CASE_ADAPTATION,,True,OK,PASS,True,PASS,True,,,application_1790519959162_0302,False,,,,,,,True,20260930T101751Z_fe995b04,20260930T132312Z_62a763de,False,0.1.1,TRUE,TRUE,FALSE,,STRICT_PASS,
qwen,Qwen3.5-9B,C0_closed_book,F_A04,A_resource,R13_EXECUTOR_INSTANCES,DIRECT_REAL_CASE_ADAPTATION,,True,OK,PASS,True,PASS,True,,,application_1790519959162_0303,False,,,,,,,True,20260930T101751Z_fe995b04,20260930T132312Z_62a763de,False,0.1.1,TRUE,TRUE,FALSE,,STRICT_PASS,
qwen,Qwen3.5-9B,C0_closed_book,F_A05,A_resource,R01_EXECUTOR_MEMORY;R08_EXECUTOR_MEMORY_OVERHEAD,DIRECT_REAL_CASE_ADAPTATION,,True,OK,FAIL,False,,False,STATIC,UNAUTHORIZED_SETTING;UNSUPPORTED_VALIDATOR_KEY;MISSING_REQUIRED_SETTING,,True,True,,True,PASS,,application_1790519959162_0384,True,20260930T101751Z_fe995b04,20260930T132312Z_62a763de,False,0.1.1,FALSE,FALSE,FALSE,,STRICT_FAIL_NONCANDIDATE,
qwen,Qwen3.5-9B,C0_closed_book,F_A06,A_resource,R13_EXECUTOR_INSTANCES;R01_EXECUTOR_MEMORY;R08_EXECUTOR_MEMORY_OVERHEAD,DIRECT_REAL_CASE_ADAPTATION,,True,OK,PASS,True,PASS,True,,,application_1790519959162_0304,False,,,,,,,True,20260930T101751Z_fe995b04,20260930T132312Z_62a763de,False,0.1.1,TRUE,TRUE,FALSE,,STRICT_PASS,
qwen,Qwen3.5-9B,C0_closed_book,F_A07,A_resource,R13_EXECUTOR_INSTANCES;R12_EXECUTOR_CORES,DIRECT_REAL_CASE_ADAPTATION,,True,OK,FAIL,False,,False,STATIC,UNAUTHORIZED_EXTRA_SUBMIT_OPTION;UNAUTHORIZED_SETTING;UNAUTHORIZED_SETTING,,True,True,,True,PASS,,application_1790519959162_0385,True,20260930T101751Z_fe995b04,20260930T132312Z_62a763de,False,0.1.1,FALSE,FALSE,FALSE,BY036,HARMFUL,"[{""key"":""--class"",""value"":""com.example.ConfigProbe"",""decision"":""HARMFUL"",""reason_code"":""H_CHANGES_BEHAVIOR"",""rationale"":""The application main class is supplied by the benchmark runner; the generated '--class com.example.ConfigProbe' is not the frozen ConfigProbeV02 class and would change/invalidly select the application entry point.""},{""key"":""spark.master"",""value"":""yarn"",""decision"":""BENIGN"",""reason_code"":""B_ENVIRONMENT_RESTATEMENT"",""rationale"":""The task is explicitly framed for YARN and the benchmark execution environment is YARN; '--master yarn' restates that frozen environment without changing any task-required value/source.""},{""key"":""spark.submit.deployMode"",""value"":""cluster"",""decision"":""BENIGN"",""reason_code"":""B_ENVIRONMENT_RESTATEMENT"",""rationale"":""The formal execution harness uses YARN cluster mode; explicit '--deploy-mode cluster' restates the frozen execution environment for a task that does not itself test deploy mode.""}]"
qwen,Qwen3.5-9B,C0_closed_book,F_A08,A_resource,R13_EXECUTOR_INSTANCES;R01_EXECUTOR_MEMORY,DIRECT_REAL_CASE_ADAPTATION,,True,OK,PASS,True,PASS,True,,,application_1790519959162_0305,False,,,,,,,True,20260930T101751Z_fe995b04,20260930T132312Z_62a763de,False,0.1.1,TRUE,TRUE,FALSE,,STRICT_PASS,
qwen,Qwen3.5-9B,C0_closed_book,F_A09,A_resource,R13_EXECUTOR_INSTANCES;R12_EXECUTOR_CORES;R01_EXECUTOR_MEMORY,DIRECT_REAL_CASE_ADAPTATION,,True,OK,FAIL,False,,False,STATIC,UNAUTHORIZED_SETTING;MISSING_REQUIRED_SETTING,,True,True,,True,PASS,,application_1790519959162_0386,True,20260930T101751Z_fe995b04,20260930T132312Z_62a763de,False,0.1.1,FALSE,FALSE,FALSE,,STRICT_FAIL_NONCANDIDATE,
qwen,Qwen3.5-9B,C0_closed_book,F_A10,A_resource,R13_EXECUTOR_INSTANCES;R12_EXECUTOR_CORES;R01_EXECUTOR_MEMORY;R08_EXECUTOR_MEMORY_OVERHEAD,DIRECT_REAL_CASE_ADAPTATION,,True,OK,FAIL,False,,False,STATIC,UNAUTHORIZED_SETTING;UNSUPPORTED_VALIDATOR_KEY;UNAUTHORIZED_SETTING;MISSING_REQUIRED_SETTING,,True,False,STATIC,False,,UNAUTHORIZED_SETTING;UNSUPPORTED_VALIDATOR_KEY;UNAUTHORIZED_SETTING,,False,20260930T101751Z_fe995b04,20260930T132312Z_62a763de,False,0.1.1,FALSE,FALSE,FALSE,,STRICT_FAIL_NONCANDIDATE,
qwen,Qwen3.5-9B,C0_closed_book,F_A11,A_resource,R13_EXECUTOR_INSTANCES;R12_EXECUTOR_CORES,DIRECT_REAL_CASE_ADAPTATION,,True,OK,PASS,True,PASS,True,,,application_1790519959162_0306,False,,,,,,,True,20260930T101751Z_fe995b04,20260930T132312Z_62a763de,False,0.1.1,TRUE,TRUE,FALSE,,STRICT_PASS,
qwen,Qwen3.5-9B,C0_closed_book,F_A12,A_resource,R01_EXECUTOR_MEMORY;R08_EXECUTOR_MEMORY_OVERHEAD,DIRECT_REAL_CASE_ADAPTATION,,True,OK,FAIL,False,,False,STATIC,UNAUTHORIZED_SETTING;UNSUPPORTED_VALIDATOR_KEY;MISSING_REQUIRED_SETTING,,True,True,,True,PASS,,application_1790519959162_0387,True,20260930T101751Z_fe995b04,20260930T132312Z_62a763de,False,0.1.1,FALSE,FALSE,FALSE,,STRICT_FAIL_NONCANDIDATE,
qwen,Qwen3.5-9B,C0_closed_book,F_A13,A_resource,R13_EXECUTOR_INSTANCES;R12_EXECUTOR_CORES,DIRECT_REAL_CASE_ADAPTATION,,True,OK,PASS,True,PASS,True,,,application_1790519959162_0307,False,,,,,,,True,20260930T101751Z_fe995b04,20260930T132312Z_62a763de,False,0.1.1,TRUE,TRUE,FALSE,,STRICT_PASS,
qwen,Qwen3.5-9B,C0_closed_book,F_A14,A_resource,R13_EXECUTOR_INSTANCES;R12_EXECUTOR_CORES;R01_EXECUTOR_MEMORY;R08_EXECUTOR_MEMORY_OVERHEAD,DIRECT_REAL_CASE_ADAPTATION,,True,OK,FAIL,False,,False,STATIC,UNKNOWN_SUBMIT_OPTION;MODEL_POSITIONAL_ARGUMENT_NOT_ALLOWED;UNAUTHORIZED_SETTING;UNSUPPORTED_VALIDATOR_KEY;UNAUTHORIZED_SETTING;UNAUTHORIZED_SETTING;UNSUPPORTED_VALIDATOR_KEY;MISSING_REQUIRED_SETTING;TASK_VALUE_MISMATCH;MISSING_REQUIRED_SETTING,,True,False,STATIC,False,,UNAUTHORIZED_SETTING;UNSUPPORTED_VALIDATOR_KEY;UNAUTHORIZED_SETTING;UNSUPPORTED_VALIDATOR_KEY;MISSING_REQUIRED_SETTING;TASK_VALUE_MISMATCH;TASK_VALUE_MISMATCH,,False,20260930T101751Z_fe995b04,20260930T132312Z_62a763de,False,0.1.1,FALSE,FALSE,FALSE,,STRICT_FAIL_NONCANDIDATE,
qwen,Qwen3.5-9B,C0_closed_book,F_A15,A_resource,R13_EXECUTOR_INSTANCES;R12_EXECUTOR_CORES;R01_EXECUTOR_MEMORY,DIRECT_REAL_CASE_ADAPTATION,,True,OK,FAIL,False,,False,STATIC,UNAUTHORIZED_EXTRA_SUBMIT_OPTION;UNAUTHORIZED_SETTING;UNAUTHORIZED_SETTING,,True,True,,True,PASS,,application_1790519959162_0388,True,20260930T101751Z_fe995b04,20260930T132312Z_62a763de,False,0.1.1,FALSE,FALSE,FALSE,BY014,HARMFUL,"[{""key"":""--class"",""value"":""com.example.ConfigProbe"",""decision"":""HARMFUL"",""reason_code"":""H_CHANGES_BEHAVIOR"",""rationale"":""The application main class is supplied by the benchmark runner; the generated '--class com.example.ConfigProbe' is not the frozen ConfigProbeV02 class and would change/invalidly select the application entry point.""},{""key"":""spark.master"",""value"":""yarn"",""decision"":""BENIGN"",""reason_code"":""B_ENVIRONMENT_RESTATEMENT"",""rationale"":""The task is explicitly framed for YARN and the benchmark execution environment is YARN; '--master yarn' restates that frozen environment without changing any task-required value/source.""},{""key"":""spark.submit.deployMode"",""value"":""cluster"",""decision"":""BENIGN"",""reason_code"":""B_ENVIRONMENT_RESTATEMENT"",""rationale"":""The formal execution harness uses YARN cluster mode; explicit '--deploy-mode cluster' restates the frozen execution environment for a task that does not itself test deploy mode.""}]"
qwen,Qwen3.5-9B,C0_closed_book,F_B01,B_driver_executor,R07_CLIENT_DRIVER_MEMORY_PLACEMENT;R01_EXECUTOR_MEMORY;R14_YARN_DEPLOY_MODE,DIRECT_REAL_CASE_ADAPTATION,,True,OK,FAIL,False,,False,STATIC,MISSING_REQUIRED_SETTING,,True,True,,True,PASS,,application_1790519959162_0389,True,20260930T101751Z_fe995b04,20260930T132312Z_62a763de,False,0.1.1,FALSE,FALSE,FALSE,,STRICT_FAIL_NONCANDIDATE,
qwen,Qwen3.5-9B,C0_closed_book,F_B02,B_driver_executor,R07_CLIENT_DRIVER_MEMORY_PLACEMENT;R13_EXECUTOR_INSTANCES;R12_EXECUTOR_CORES;R01_EXECUTOR_MEMORY;R14_YARN_DEPLOY_MODE,DIRECT_REAL_CASE_ADAPTATION,,True,OK,FAIL,False,,False,STATIC,INVALID_VALUE;MISSING_REQUIRED_SETTING,,True,False,STATIC,False,,INVALID_VALUE,,False,20260930T101751Z_fe995b04,20260930T132312Z_62a763de,False,0.1.1,FALSE,FALSE,FALSE,,STRICT_FAIL_NONCANDIDATE,
qwen,Qwen3.5-9B,C0_closed_book,F_B03,B_driver_executor,R07_CLIENT_DRIVER_MEMORY_PLACEMENT;R13_EXECUTOR_INSTANCES;R12_EXECUTOR_CORES;R01_EXECUTOR_MEMORY;R14_YARN_DEPLOY_MODE,DIRECT_REAL_CASE_ADAPTATION,,True,OK,FAIL,False,,False,STATIC,MISSING_REQUIRED_SETTING;MISSING_REQUIRED_SETTING,,True,True,,True,PASS,,application_1790519959162_0390,True,20260930T101751Z_fe995b04,20260930T132312Z_62a763de,False,0.1.1,FALSE,FALSE,FALSE,,STRICT_FAIL_NONCANDIDATE,
qwen,Qwen3.5-9B,C0_closed_book,F_B04,B_driver_executor,R07_CLIENT_DRIVER_MEMORY_PLACEMENT;R13_EXECUTOR_INSTANCES;R12_EXECUTOR_CORES;R01_EXECUTOR_MEMORY;R14_YARN_DEPLOY_MODE,DIRECT_REAL_CASE_ADAPTATION,,True,OK,FAIL,False,,False,STATIC,MISSING_REQUIRED_SETTING,,True,True,,True,PASS,,application_1790519959162_0391,True,20260930T101751Z_fe995b04,20260930T132312Z_62a763de,False,0.1.1,FALSE,FALSE,FALSE,,STRICT_FAIL_NONCANDIDATE,
qwen,Qwen3.5-9B,C0_closed_book,F_B05,B_driver_executor,R07_CLIENT_DRIVER_MEMORY_PLACEMENT;R13_EXECUTOR_INSTANCES;R12_EXECUTOR_CORES;R01_EXECUTOR_MEMORY;R14_YARN_DEPLOY_MODE,DIRECT_REAL_CASE_ADAPTATION,,True,OK,FAIL,False,,False,STATIC,DISALLOWED_CONFIGURATION_SOURCE,,True,False,STATIC,False,,DISALLOWED_CONFIGURATION_SOURCE,,False,20260930T101751Z_fe995b04,20260930T132312Z_62a763de,False,0.1.1,FALSE,FALSE,FALSE,,STRICT_FAIL_NONCANDIDATE,
qwen,Qwen3.5-9B,C0_closed_book,F_B06,B_driver_executor,R07_CLIENT_DRIVER_MEMORY_PLACEMENT;R13_EXECUTOR_INSTANCES;R12_EXECUTOR_CORES;R01_EXECUTOR_MEMORY;R14_YARN_DEPLOY_MODE,DIRECT_REAL_CASE_ADAPTATION,,True,OK,FAIL,False,,False,STATIC,UNKNOWN_SUBMIT_OPTION;MODEL_POSITIONAL_ARGUMENT_NOT_ALLOWED;MISSING_REQUIRED_SETTING;MISSING_REQUIRED_SETTING,,True,False,STATIC,False,,UNKNOWN_SUBMIT_OPTION;MODEL_POSITIONAL_ARGUMENT_NOT_ALLOWED;MISSING_REQUIRED_SETTING,,False,20260930T101751Z_fe995b04,20260930T132312Z_62a763de,False,0.1.1,FALSE,FALSE,FALSE,,STRICT_FAIL_NONCANDIDATE,
qwen,Qwen3.5-9B,C0_closed_book,F_B07,B_driver_executor,R07_CLIENT_DRIVER_MEMORY_PLACEMENT;R13_EXECUTOR_INSTANCES;R12_EXECUTOR_CORES;R01_EXECUTOR_MEMORY;R14_YARN_DEPLOY_MODE,DIRECT_REAL_CASE_ADAPTATION,,True,OK,FAIL,False,,False,STATIC,MISSING_REQUIRED_SETTING,,True,False,STATIC,False,,INVALID_VALUE,,False,20260930T101751Z_fe995b04,20260930T132312Z_62a763de,False,0.1.1,FALSE,FALSE,FALSE,,STRICT_FAIL_NONCANDIDATE,
qwen,Qwen3.5-9B,C0_closed_book,F_B08,B_driver_executor,R14_YARN_DEPLOY_MODE;R13_EXECUTOR_INSTANCES;R12_EXECUTOR_CORES;R01_EXECUTOR_MEMORY,DIRECT_REAL_CASE_ADAPTATION,,True,OK,FAIL,False,,False,STATIC,MISSING_REQUIRED_SETTING;MISSING_REQUIRED_SETTING,,True,True,,True,PASS,,application_1790519959162_0392,True,20260930T101751Z_fe995b04,20260930T132312Z_62a763de,False,0.1.1,FALSE,FALSE,FALSE,,STRICT_FAIL_NONCANDIDATE,
qwen,Qwen3.5-9B,C0_closed_book,F_B09,B_driver_executor,R14_YARN_DEPLOY_MODE;R13_EXECUTOR_INSTANCES;R12_EXECUTOR_CORES;R01_EXECUTOR_MEMORY,DIRECT_REAL_CASE_ADAPTATION,,True,OK,FAIL,False,,False,STATIC,MISSING_REQUIRED_SETTING;MISSING_REQUIRED_SETTING,,True,False,STATIC,False,,INVALID_VALUE,,False,20260930T101751Z_fe995b04,20260930T132312Z_62a763de,False,0.1.1,FALSE,FALSE,FALSE,,STRICT_FAIL_NONCANDIDATE,
qwen,Qwen3.5-9B,C0_closed_book,F_B10,B_driver_executor,R07_CLIENT_DRIVER_MEMORY_PLACEMENT;R13_EXECUTOR_INSTANCES;R12_EXECUTOR_CORES;R01_EXECUTOR_MEMORY;R04_YARN_QUEUE;R14_YARN_DEPLOY_MODE,DIRECT_REAL_CASE_ADAPTATION,,True,OK,FAIL,False,,False,STATIC,MISSING_REQUIRED_SETTING;TASK_VALUE_MISMATCH,,True,False,STATIC,False,,MISSING_REQUIRED_SETTING,,False,20260930T101751Z_fe995b04,20260930T132312Z_62a763de,False,0.1.1,FALSE,FALSE,FALSE,,STRICT_FAIL_NONCANDIDATE,
qwen,Qwen3.5-9B,C0_closed_book,F_B11,B_driver_executor,R07_CLIENT_DRIVER_MEMORY_PLACEMENT;R13_EXECUTOR_INSTANCES;R12_EXECUTOR_CORES;R01_EXECUTOR_MEMORY;R14_YARN_DEPLOY_MODE,DIRECT_REAL_CASE_ADAPTATION,,True,OK,FAIL,False,,False,STATIC,UNAUTHORIZED_EXTRA_SUBMIT_OPTION;MISSING_REQUIRED_SETTING;TASK_VALUE_MISMATCH,,True,True,,True,PASS,,application_1790519959162_0393,True,20260930T101751Z_fe995b04,20260930T132312Z_62a763de,False,0.1.1,FALSE,FALSE,FALSE,,STRICT_FAIL_NONCANDIDATE,
qwen,Qwen3.5-9B,C0_closed_book,F_B12,B_driver_executor,R14_YARN_DEPLOY_MODE;R13_EXECUTOR_INSTANCES;R12_EXECUTOR_CORES;R01_EXECUTOR_MEMORY,DIRECT_REAL_CASE_ADAPTATION,,True,OK,FAIL,False,,False,STATIC,INVALID_VALUE;MISSING_REQUIRED_SETTING,,True,False,STATIC,False,,INVALID_VALUE,,False,20260930T101751Z_fe995b04,20260930T132312Z_62a763de,False,0.1.1,FALSE,FALSE,FALSE,,STRICT_FAIL_NONCANDIDATE,
qwen,Qwen3.5-9B,C0_closed_book,F_B13,B_driver_executor,R14_YARN_DEPLOY_MODE;R13_EXECUTOR_INSTANCES;R12_EXECUTOR_CORES;R01_EXECUTOR_MEMORY,DIRECT_REAL_CASE_ADAPTATION,,True,OK,PASS,True,PASS,True,,,application_1790519959162_0308,False,,,,,,,True,20260930T101751Z_fe995b04,20260930T132312Z_62a763de,False,0.1.1,TRUE,TRUE,FALSE,,STRICT_PASS,
qwen,Qwen3.5-9B,C0_closed_book,F_B14,B_driver_executor,R07_CLIENT_DRIVER_MEMORY_PLACEMENT;R13_EXECUTOR_INSTANCES;R12_EXECUTOR_CORES;R01_EXECUTOR_MEMORY;R14_YARN_DEPLOY_MODE,DIRECT_REAL_CASE_ADAPTATION,,True,OK,FAIL,False,,False,STATIC,MISSING_REQUIRED_SETTING,,True,True,,True,PASS,,application_1790519959162_0394,True,20260930T101751Z_fe995b04,20260930T132312Z_62a763de,False,0.1.1,FALSE,FALSE,FALSE,,STRICT_FAIL_NONCANDIDATE,
qwen,Qwen3.5-9B,C0_closed_book,F_B15,B_driver_executor,R14_YARN_DEPLOY_MODE;R13_EXECUTOR_INSTANCES;R12_EXECUTOR_CORES;R01_EXECUTOR_MEMORY,DIRECT_REAL_CASE_ADAPTATION,,True,OK,FAIL,False,,False,STATIC,MISSING_REQUIRED_SETTING;MISSING_REQUIRED_SETTING;TASK_VALUE_MISMATCH,,True,False,STATIC,False,,TASK_VALUE_MISMATCH,,False,20260930T101751Z_fe995b04,20260930T132312Z_62a763de,False,0.1.1,FALSE,FALSE,FALSE,,STRICT_FAIL_NONCANDIDATE,
qwen,Qwen3.5-9B,C0_closed_book,F_C01,C_yarn_deploy,R14_YARN_DEPLOY_MODE;R04_YARN_QUEUE,DIRECT_REAL_CASE_ADAPTATION,,True,OK,FAIL,False,,False,STATIC,MISSING_REQUIRED_SETTING,,True,True,,True,PASS,,application_1790519959162_0395,True,20260930T101751Z_fe995b04,20260930T132312Z_62a763de,False,0.1.1,FALSE,FALSE,FALSE,,STRICT_FAIL_NONCANDIDATE,
qwen,Qwen3.5-9B,C0_closed_book,F_C02,C_yarn_deploy,R14_YARN_DEPLOY_MODE;R04_YARN_QUEUE,DIRECT_REAL_CASE_ADAPTATION,,True,OK,FAIL,False,,False,STATIC,MISSING_REQUIRED_SETTING;MISSING_REQUIRED_SETTING,,True,True,,True,PASS,,application_1790519959162_0396,True,20260930T101751Z_fe995b04,20260930T132312Z_62a763de,False,0.1.1,FALSE,FALSE,FALSE,,STRICT_FAIL_NONCANDIDATE,
qwen,Qwen3.5-9B,C0_closed_book,F_C03,C_yarn_deploy,R14_YARN_DEPLOY_MODE;R04_YARN_QUEUE;R05_WAIT_COMPLETION,DIRECT_REAL_CASE_ADAPTATION,,True,OK,FAIL,False,,False,STATIC,INVALID_VALUE;TASK_VALUE_MISMATCH;MISSING_REQUIRED_SETTING,,True,False,STATIC,False,,INVALID_VALUE;WAIT_COMPLETION_REQUIRES_YARN_CLUSTER,,False,20260930T101751Z_fe995b04,20260930T132312Z_62a763de,False,0.1.1,FALSE,FALSE,FALSE,,STRICT_FAIL_NONCANDIDATE,
qwen,Qwen3.5-9B,C0_closed_book,F_C04,C_yarn_deploy,R14_YARN_DEPLOY_MODE;R05_WAIT_COMPLETION,DIRECT_REAL_CASE_ADAPTATION,,True,OK,FAIL,False,,False,STATIC,UNAUTHORIZED_SETTING;UNSUPPORTED_VALIDATOR_KEY;UNAUTHORIZED_SETTING;UNAUTHORIZED_SETTING;UNAUTHORIZED_SETTING;INVALID_VALUE;UNAUTHORIZED_SETTING;UNSUPPORTED_VALIDATOR_KEY;MISSING_REQUIRED_SETTING,,True,False,STATIC,False,,INVALID_VALUE;WAIT_COMPLETION_REQUIRES_YARN_CLUSTER,,False,20260930T101751Z_fe995b04,20260930T132312Z_62a763de,False,0.1.1,FALSE,FALSE,FALSE,,STRICT_FAIL_NONCANDIDATE,
qwen,Qwen3.5-9B,C0_closed_book,F_C05,C_yarn_deploy,R14_YARN_DEPLOY_MODE;R04_YARN_QUEUE;R01_EXECUTOR_MEMORY;R05_WAIT_COMPLETION,DIRECT_REAL_CASE_ADAPTATION,,True,OK,FAIL,False,,False,STATIC,UNAUTHORIZED_EXTRA_SUBMIT_OPTION;UNAUTHORIZED_SETTING;MISSING_REQUIRED_SETTING;MISSING_REQUIRED_SETTING,,True,True,,True,PASS,,application_1790519959162_0397,True,20260930T101751Z_fe995b04,20260930T132312Z_62a763de,False,0.1.1,FALSE,FALSE,FALSE,,STRICT_FAIL_NONCANDIDATE,
qwen,Qwen3.5-9B,C0_closed_book,F_C06,C_yarn_deploy,R14_YARN_DEPLOY_MODE;R13_EXECUTOR_INSTANCES;R01_EXECUTOR_MEMORY,DIRECT_REAL_CASE_ADAPTATION,,True,OK,FAIL,False,,False,STATIC,UNAUTHORIZED_EXTRA_SUBMIT_OPTION;INVALID_VALUE,,True,False,STATIC,False,,INVALID_VALUE,,False,20260930T101751Z_fe995b04,20260930T132312Z_62a763de,False,0.1.1,FALSE,FALSE,FALSE,,STRICT_FAIL_NONCANDIDATE,
qwen,Qwen3.5-9B,C0_closed_book,F_C07,C_yarn_deploy,R14_YARN_DEPLOY_MODE;R13_EXECUTOR_INSTANCES;R12_EXECUTOR_CORES,DIRECT_REAL_CASE_ADAPTATION,,True,AMBIGUOUS,FAIL,False,,False,PARSE,PARSER_NOT_OK;UNAUTHORIZED_EXTRA_SUBMIT_OPTION;MULTIPLE_EFFECTIVE_VALUES;INVALID_VALUE,,True,False,STATIC,False,,INVALID_VALUE,,False,20260930T101751Z_fe995b04,20260930T132312Z_62a763de,False,0.1.1,FALSE,FALSE,FALSE,,STRICT_FAIL_NONCANDIDATE,
qwen,Qwen3.5-9B,C0_closed_book,F_C08,C_yarn_deploy,R14_YARN_DEPLOY_MODE;R13_EXECUTOR_INSTANCES;R01_EXECUTOR_MEMORY;R05_WAIT_COMPLETION,DIRECT_REAL_CASE_ADAPTATION,,True,OK,FAIL,False,,False,STATIC,UNAUTHORIZED_EXTRA_SUBMIT_OPTION;UNAUTHORIZED_SETTING;INVALID_VALUE;UNAUTHORIZED_SETTING;UNSUPPORTED_VALIDATOR_KEY;MISSING_REQUIRED_SETTING;MISSING_REQUIRED_SETTING,,True,False,STATIC,False,,UNAUTHORIZED_EXTRA_SUBMIT_OPTION;UNAUTHORIZED_SETTING;INVALID_VALUE;TASK_VALUE_MISMATCH;WAIT_COMPLETION_REQUIRES_YARN_CLUSTER,,False,20260930T101751Z_fe995b04,20260930T132312Z_62a763de,False,0.1.1,FALSE,FALSE,FALSE,,STRICT_FAIL_NONCANDIDATE,
qwen,Qwen3.5-9B,C0_closed_book,F_C09,C_yarn_deploy,R14_YARN_DEPLOY_MODE;R13_EXECUTOR_INSTANCES;R01_EXECUTOR_MEMORY;R05_WAIT_COMPLETION,DIRECT_REAL_CASE_ADAPTATION,,True,OK,FAIL,False,,False,STATIC,UNAUTHORIZED_SETTING;INVALID_VALUE;UNAUTHORIZED_SETTING;UNSUPPORTED_VALIDATOR_KEY;MISSING_REQUIRED_SETTING;MISSING_REQUIRED_SETTING,,True,False,STATIC,False,,UNAUTHORIZED_SETTING;UNAUTHORIZED_SETTING;INVALID_VALUE;WAIT_COMPLETION_REQUIRES_YARN_CLUSTER,,False,20260930T101751Z_fe995b04,20260930T132312Z_62a763de,False,0.1.1,FALSE,FALSE,FALSE,,STRICT_FAIL_NONCANDIDATE,
qwen,Qwen3.5-9B,C0_closed_book,F_C10,C_yarn_deploy,R14_YARN_DEPLOY_MODE;R04_YARN_QUEUE;R13_EXECUTOR_INSTANCES;R12_EXECUTOR_CORES,DIRECT_REAL_CASE_ADAPTATION,,True,OK,PASS,True,PASS,True,,,application_1790519959162_0309,False,,,,,,,True,20260930T101751Z_fe995b04,20260930T132312Z_62a763de,False,0.1.1,TRUE,TRUE,FALSE,,STRICT_PASS,
qwen,Qwen3.5-9B,C0_closed_book,F_C11,C_yarn_deploy,R14_YARN_DEPLOY_MODE;R04_YARN_QUEUE;R13_EXECUTOR_INSTANCES;R12_EXECUTOR_CORES,DIRECT_REAL_CASE_ADAPTATION,,True,OK,FAIL,False,,False,STATIC,INVALID_VALUE,,True,False,STATIC,False,,INVALID_VALUE,,False,20260930T101751Z_fe995b04,20260930T132312Z_62a763de,False,0.1.1,FALSE,FALSE,FALSE,,STRICT_FAIL_NONCANDIDATE,
qwen,Qwen3.5-9B,C0_closed_book,F_C12,C_yarn_deploy,R14_YARN_DEPLOY_MODE;R13_EXECUTOR_INSTANCES;R12_EXECUTOR_CORES,DIRECT_REAL_CASE_ADAPTATION,,True,OK,FAIL,False,,False,STATIC,UNAUTHORIZED_EXTRA_SUBMIT_OPTION;INVALID_VALUE,,True,False,STATIC,False,,INVALID_VALUE,,False,20260930T101751Z_fe995b04,20260930T132312Z_62a763de,False,0.1.1,FALSE,FALSE,FALSE,,STRICT_FAIL_NONCANDIDATE,
qwen,Qwen3.5-9B,C0_closed_book,F_C13,C_yarn_deploy,R14_YARN_DEPLOY_MODE;R13_EXECUTOR_INSTANCES;R12_EXECUTOR_CORES;R05_WAIT_COMPLETION,DIRECT_REAL_CASE_ADAPTATION,,True,OK,FAIL,False,,False,STATIC,UNAUTHORIZED_SETTING;UNAUTHORIZED_SETTING;UNAUTHORIZED_SETTING;UNSUPPORTED_VALIDATOR_KEY;INVALID_VALUE;UNAUTHORIZED_SETTING;UNSUPPORTED_VALIDATOR_KEY;MISSING_REQUIRED_SETTING,,True,False,STATIC,False,,UNAUTHORIZED_SETTING;UNAUTHORIZED_SETTING;UNAUTHORIZED_SETTING;UNSUPPORTED_VALIDATOR_KEY;INVALID_VALUE;UNAUTHORIZED_SETTING;UNSUPPORTED_VALIDATOR_KEY;WAIT_COMPLETION_REQUIRES_YARN_CLUSTER,,False,20260930T101751Z_fe995b04,20260930T132312Z_62a763de,False,0.1.1,FALSE,FALSE,FALSE,,STRICT_FAIL_NONCANDIDATE,
qwen,Qwen3.5-9B,C0_closed_book,F_C14,C_yarn_deploy,R14_YARN_DEPLOY_MODE;R13_EXECUTOR_INSTANCES;R12_EXECUTOR_CORES;R05_WAIT_COMPLETION,DIRECT_REAL_CASE_ADAPTATION,,True,OK,FAIL,False,,False,STATIC,UNAUTHORIZED_EXTRA_SUBMIT_OPTION;UNAUTHORIZED_SETTING;UNAUTHORIZED_SETTING;INVALID_VALUE;MISSING_REQUIRED_SETTING,,True,False,STATIC,False,,UNAUTHORIZED_SETTING;INVALID_VALUE;WAIT_COMPLETION_REQUIRES_YARN_CLUSTER,,False,20260930T101751Z_fe995b04,20260930T132312Z_62a763de,False,0.1.1,FALSE,FALSE,FALSE,,STRICT_FAIL_NONCANDIDATE,
qwen,Qwen3.5-9B,C0_closed_book,F_C15,C_yarn_deploy,R14_YARN_DEPLOY_MODE;R04_YARN_QUEUE;R13_EXECUTOR_INSTANCES;R01_EXECUTOR_MEMORY,DIRECT_REAL_CASE_ADAPTATION,,True,OK,FAIL,False,,False,STATIC,MISSING_REQUIRED_SETTING,,True,True,,True,PASS,,application_1790519959162_0398,True,20260930T101751Z_fe995b04,20260930T132312Z_62a763de,False,0.1.1,FALSE,FALSE,FALSE,,STRICT_FAIL_NONCANDIDATE,
qwen,Qwen3.5-9B,C0_closed_book,F_D01,D_source_precedence,R02_SPARK_DEFAULTS_SOURCE;R01_EXECUTOR_MEMORY,DIRECT_REAL_CASE_ADAPTATION,,True,OK,PASS,True,PASS,True,,,application_1790519959162_0310,False,,,,,,,True,20260930T101751Z_fe995b04,20260930T132312Z_62a763de,False,0.1.1,TRUE,TRUE,FALSE,,STRICT_PASS,
qwen,Qwen3.5-9B,C0_closed_book,F_D02,D_source_precedence,R02_SPARK_DEFAULTS_SOURCE;R12_EXECUTOR_CORES,DIRECT_REAL_CASE_ADAPTATION,,True,OK,PASS,True,PASS,True,,,application_1790519959162_0311,False,,,,,,,True,20260930T101751Z_fe995b04,20260930T132312Z_62a763de,False,0.1.1,TRUE,TRUE,FALSE,,STRICT_PASS,
qwen,Qwen3.5-9B,C0_closed_book,F_D03,D_source_precedence,R02_SPARK_DEFAULTS_SOURCE;R01_EXECUTOR_MEMORY;R12_EXECUTOR_CORES,DIRECT_REAL_CASE_ADAPTATION,,True,OK,PASS,True,PASS,True,,,application_1790519959162_0312,False,,,,,,,True,20260930T101751Z_fe995b04,20260930T132312Z_62a763de,False,0.1.1,TRUE,TRUE,FALSE,,STRICT_PASS,
qwen,Qwen3.5-9B,C0_closed_book,F_D04,D_source_precedence,R03_CLI_OVER_DEFAULTS;R01_EXECUTOR_MEMORY,DIRECT_REAL_CASE_ADAPTATION,,True,OK,PASS,True,PASS,True,,,application_1790519959162_0313,False,,,,,,,True,20260930T101751Z_fe995b04,20260930T132312Z_62a763de,False,0.1.1,TRUE,TRUE,FALSE,,STRICT_PASS,
qwen,Qwen3.5-9B,C0_closed_book,F_D05,D_source_precedence,R03_CLI_OVER_DEFAULTS;R12_EXECUTOR_CORES,DIRECT_REAL_CASE_ADAPTATION,,True,OK,PASS,True,PASS,True,,,application_1790519959162_0314,False,,,,,,,True,20260930T101751Z_fe995b04,20260930T132312Z_62a763de,False,0.1.1,TRUE,TRUE,FALSE,,STRICT_PASS,
qwen,Qwen3.5-9B,C0_closed_book,F_D06,D_source_precedence,R03_CLI_OVER_DEFAULTS;R01_EXECUTOR_MEMORY,DIRECT_REAL_CASE_ADAPTATION,,True,OK,PASS,True,PASS,True,,,application_1790519959162_0315,False,,,,,,,True,20260930T101751Z_fe995b04,20260930T132312Z_62a763de,False,0.1.1,TRUE,TRUE,FALSE,,STRICT_PASS,
qwen,Qwen3.5-9B,C0_closed_book,F_D07,D_source_precedence,R03_CLI_OVER_DEFAULTS;R01_EXECUTOR_MEMORY,DIRECT_REAL_CASE_ADAPTATION,,True,OK,PASS,True,PASS,True,,,application_1790519959162_0316,False,,,,,,,True,20260930T101751Z_fe995b04,20260930T132312Z_62a763de,False,0.1.1,TRUE,TRUE,FALSE,,STRICT_PASS,
qwen,Qwen3.5-9B,C0_closed_book,F_D08,D_source_precedence,R03_CLI_OVER_DEFAULTS;R12_EXECUTOR_CORES,DIRECT_REAL_CASE_ADAPTATION,,True,OK,PASS,True,PASS,True,,,application_1790519959162_0317,False,,,,,,,True,20260930T101751Z_fe995b04,20260930T132312Z_62a763de,False,0.1.1,TRUE,TRUE,FALSE,,STRICT_PASS,
qwen,Qwen3.5-9B,C0_closed_book,F_D09,D_source_precedence,R09_PROPERTIES_FILE;R01_EXECUTOR_MEMORY,DIRECT_REAL_CASE_ADAPTATION,,True,OK,PASS,True,PASS,True,,,application_1790519959162_0318,False,,,,,,,True,20260930T101751Z_fe995b04,20260930T132312Z_62a763de,False,0.1.1,TRUE,TRUE,FALSE,,STRICT_PASS,
qwen,Qwen3.5-9B,C0_closed_book,F_D10,D_source_precedence,R09_PROPERTIES_FILE;R01_EXECUTOR_MEMORY;R12_EXECUTOR_CORES,DIRECT_REAL_CASE_ADAPTATION,,True,OK,PASS,True,PASS,True,,,application_1790519959162_0319,False,,,,,,,True,20260930T101751Z_fe995b04,20260930T132312Z_62a763de,False,0.1.1,TRUE,TRUE,FALSE,,STRICT_PASS,
qwen,Qwen3.5-9B,C0_closed_book,F_D11,D_source_precedence,R02_SPARK_DEFAULTS_SOURCE;R06_DYNAMIC_SHUFFLE_TRACKING,DIRECT_REAL_CASE_ADAPTATION,,True,OK,FAIL,False,,False,STATIC,UNAUTHORIZED_SETTING;UNSUPPORTED_VALIDATOR_KEY;UNAUTHORIZED_SETTING;UNSUPPORTED_VALIDATOR_KEY;MISSING_REQUIRED_SETTING;MISSING_REQUIRED_SETTING,,True,False,STATIC,False,,UNAUTHORIZED_SETTING;UNSUPPORTED_VALIDATOR_KEY;UNAUTHORIZED_SETTING;UNSUPPORTED_VALIDATOR_KEY;MISSING_REQUIRED_SETTING;MISSING_REQUIRED_SETTING,,False,20260930T101751Z_fe995b04,20260930T132312Z_62a763de,False,0.1.1,FALSE,FALSE,FALSE,,STRICT_FAIL_NONCANDIDATE,
qwen,Qwen3.5-9B,C0_closed_book,F_D12,D_source_precedence,R02_SPARK_DEFAULTS_SOURCE;R14_YARN_DEPLOY_MODE,DIRECT_REAL_CASE_ADAPTATION,,True,OK,FAIL,False,,False,STATIC,UNAUTHORIZED_SETTING;UNSUPPORTED_VALIDATOR_KEY;UNAUTHORIZED_SETTING;UNSUPPORTED_VALIDATOR_KEY;MISSING_REQUIRED_SETTING;MISSING_REQUIRED_SETTING,,True,True,,True,PASS,,application_1790519959162_0399,True,20260930T101751Z_fe995b04,20260930T132312Z_62a763de,False,0.1.1,FALSE,FALSE,FALSE,,STRICT_FAIL_NONCANDIDATE,
qwen,Qwen3.5-9B,C0_closed_book,F_D13,D_source_precedence,R03_CLI_OVER_DEFAULTS;R01_EXECUTOR_MEMORY;R12_EXECUTOR_CORES,DIRECT_REAL_CASE_ADAPTATION,,True,OK,PASS,True,PASS,True,,,application_1790519959162_0320,False,,,,,,,True,20260930T101751Z_fe995b04,20260930T132312Z_62a763de,False,0.1.1,TRUE,TRUE,FALSE,,STRICT_PASS,
qwen,Qwen3.5-9B,C0_closed_book,F_D14,D_source_precedence,R02_SPARK_DEFAULTS_SOURCE;R04_YARN_QUEUE,DIRECT_REAL_CASE_ADAPTATION,,True,OK,PASS,True,PASS,True,,,application_1790519959162_0321,False,,,,,,,True,20260930T101751Z_fe995b04,20260930T132312Z_62a763de,False,0.1.1,TRUE,TRUE,FALSE,,STRICT_PASS,
qwen,Qwen3.5-9B,C0_closed_book,F_D15,D_source_precedence,R09_PROPERTIES_FILE;R06_DYNAMIC_SHUFFLE_TRACKING,DIRECT_REAL_CASE_ADAPTATION,,True,OK,FAIL,False,,False,STATIC,UNAUTHORIZED_SETTING;UNSUPPORTED_VALIDATOR_KEY;UNAUTHORIZED_SETTING;UNSUPPORTED_VALIDATOR_KEY;MISSING_REQUIRED_SETTING;MISSING_REQUIRED_SETTING,,True,False,STATIC,False,,UNAUTHORIZED_SETTING;UNSUPPORTED_VALIDATOR_KEY;MISSING_REQUIRED_SETTING;MISSING_REQUIRED_SETTING,,False,20260930T101751Z_fe995b04,20260930T132312Z_62a763de,False,0.1.1,FALSE,FALSE,FALSE,,STRICT_FAIL_NONCANDIDATE,
qwen,Qwen3.5-9B,C0_closed_book,F_E01,E_dependency_interaction,R06_DYNAMIC_SHUFFLE_TRACKING,DIRECT_REAL_CASE_ADAPTATION,,True,OK,PASS,True,PASS,True,,,application_1790519959162_0322,False,,,,,,,True,20260930T101751Z_fe995b04,20260930T132312Z_62a763de,False,0.1.1,TRUE,TRUE,FALSE,,STRICT_PASS,
qwen,Qwen3.5-9B,C0_closed_book,F_E02,E_dependency_interaction,R06_DYNAMIC_SHUFFLE_TRACKING;R10_DYNAMIC_SCALE_RUNTIME,DIRECT_REAL_CASE_ADAPTATION,,True,OK,FAIL,False,,False,STATIC,UNAUTHORIZED_SETTING;UNSUPPORTED_VALIDATOR_KEY;UNAUTHORIZED_SETTING;UNSUPPORTED_VALIDATOR_KEY;MISSING_REQUIRED_SETTING;MISSING_REQUIRED_SETTING,,True,False,STATIC,False,,UNAUTHORIZED_SETTING;UNSUPPORTED_VALIDATOR_KEY;UNAUTHORIZED_SETTING;UNSUPPORTED_VALIDATOR_KEY;MISSING_REQUIRED_SETTING;MISSING_REQUIRED_SETTING,,False,20260930T101751Z_fe995b04,20260930T132312Z_62a763de,False,0.1.1,FALSE,FALSE,FALSE,,STRICT_FAIL_NONCANDIDATE,
qwen,Qwen3.5-9B,C0_closed_book,F_E03,E_dependency_interaction,R06_DYNAMIC_SHUFFLE_TRACKING;R10_DYNAMIC_SCALE_RUNTIME,DIRECT_REAL_CASE_ADAPTATION,,True,OK,FAIL,False,,False,STATIC,UNAUTHORIZED_SETTING;UNSUPPORTED_VALIDATOR_KEY;UNAUTHORIZED_SETTING;UNSUPPORTED_VALIDATOR_KEY;MISSING_REQUIRED_SETTING;MISSING_REQUIRED_SETTING,,True,False,STATIC,False,,UNAUTHORIZED_SETTING;UNSUPPORTED_VALIDATOR_KEY;UNAUTHORIZED_SETTING;UNSUPPORTED_VALIDATOR_KEY;MISSING_REQUIRED_SETTING;MISSING_REQUIRED_SETTING,,False,20260930T101751Z_fe995b04,20260930T132312Z_62a763de,False,0.1.1,FALSE,FALSE,FALSE,,STRICT_FAIL_NONCANDIDATE,
qwen,Qwen3.5-9B,C0_closed_book,F_E04,E_dependency_interaction,R06_DYNAMIC_SHUFFLE_TRACKING;R10_DYNAMIC_SCALE_RUNTIME,DIRECT_REAL_CASE_ADAPTATION,,True,OK,FAIL,False,,False,STATIC,UNAUTHORIZED_SETTING;UNSUPPORTED_VALIDATOR_KEY;UNAUTHORIZED_SETTING;UNSUPPORTED_VALIDATOR_KEY;UNAUTHORIZED_SETTING;UNSUPPORTED_VALIDATOR_KEY;MISSING_REQUIRED_SETTING;MISSING_REQUIRED_SETTING,,True,False,STATIC,False,,UNAUTHORIZED_SETTING;UNSUPPORTED_VALIDATOR_KEY;UNAUTHORIZED_SETTING;UNSUPPORTED_VALIDATOR_KEY;UNAUTHORIZED_SETTING;UNSUPPORTED_VALIDATOR_KEY;MISSING_REQUIRED_SETTING;MISSING_REQUIRED_SETTING,,False,20260930T101751Z_fe995b04,20260930T132312Z_62a763de,False,0.1.1,FALSE,FALSE,FALSE,,STRICT_FAIL_NONCANDIDATE,
qwen,Qwen3.5-9B,C0_closed_book,F_E05,E_dependency_interaction,R11_DYNAMIC_INITIAL_PRECEDENCE;R06_DYNAMIC_SHUFFLE_TRACKING,DIRECT_REAL_CASE_ADAPTATION,,True,OK,FAIL,False,,False,STATIC,MISSING_REQUIRED_SETTING,,True,True,,True,PASS,,application_1790519959162_0400,True,20260930T101751Z_fe995b04,20260930T132312Z_62a763de,False,0.1.1,FALSE,FALSE,FALSE,,STRICT_FAIL_NONCANDIDATE,
qwen,Qwen3.5-9B,C0_closed_book,F_E06,E_dependency_interaction,R11_DYNAMIC_INITIAL_PRECEDENCE;R06_DYNAMIC_SHUFFLE_TRACKING,DIRECT_REAL_CASE_ADAPTATION,,True,OK,FAIL,False,,False,STATIC,UNAUTHORIZED_SETTING;UNSUPPORTED_VALIDATOR_KEY;MISSING_REQUIRED_SETTING,,True,True,,True,PASS,,application_1790519959162_0401,True,20260930T101751Z_fe995b04,20260930T132312Z_62a763de,False,0.1.1,FALSE,FALSE,FALSE,,STRICT_FAIL_NONCANDIDATE,
qwen,Qwen3.5-9B,C0_closed_book,F_E07,E_dependency_interaction,R11_DYNAMIC_INITIAL_PRECEDENCE;R06_DYNAMIC_SHUFFLE_TRACKING,DIRECT_REAL_CASE_ADAPTATION,,True,OK,FAIL,False,,False,STATIC,MISSING_REQUIRED_SETTING,,True,True,,True,PASS,,application_1790519959162_0402,True,20260930T101751Z_fe995b04,20260930T132312Z_62a763de,False,0.1.1,FALSE,FALSE,FALSE,,STRICT_FAIL_NONCANDIDATE,
qwen,Qwen3.5-9B,C0_closed_book,F_E08,E_dependency_interaction,R12_EXECUTOR_CORES;R10_DYNAMIC_SCALE_RUNTIME;R06_DYNAMIC_SHUFFLE_TRACKING,DIRECT_REAL_CASE_ADAPTATION,,True,OK,FAIL,False,,False,STATIC,UNAUTHORIZED_SETTING;UNSUPPORTED_VALIDATOR_KEY;MISSING_REQUIRED_SETTING,,True,True,,True,PASS,,application_1790519959162_0403,True,20260930T101751Z_fe995b04,20260930T132312Z_62a763de,False,0.1.1,FALSE,FALSE,FALSE,,STRICT_FAIL_NONCANDIDATE,
qwen,Qwen3.5-9B,C0_closed_book,F_E09,E_dependency_interaction,R01_EXECUTOR_MEMORY;R12_EXECUTOR_CORES;R06_DYNAMIC_SHUFFLE_TRACKING;R10_DYNAMIC_SCALE_RUNTIME,DIRECT_REAL_CASE_ADAPTATION,,True,OK,FAIL,False,,False,STATIC,MISSING_REQUIRED_SETTING,,True,True,,True,PASS,,application_1790519959162_0404,True,20260930T101751Z_fe995b04,20260930T132312Z_62a763de,False,0.1.1,FALSE,FALSE,FALSE,,STRICT_FAIL_NONCANDIDATE,
qwen,Qwen3.5-9B,C0_closed_book,F_E10,E_dependency_interaction,R14_YARN_DEPLOY_MODE;R06_DYNAMIC_SHUFFLE_TRACKING;R10_DYNAMIC_SCALE_RUNTIME;R05_WAIT_COMPLETION,COMPOSITION_OF_REAL_CASE_RULES,,True,OK,FAIL,False,,False,STATIC,MISSING_REQUIRED_SETTING;MISSING_REQUIRED_SETTING,,True,True,,True,PASS,,application_1790519959162_0405,True,20260930T101751Z_fe995b04,20260930T132312Z_62a763de,False,0.1.1,FALSE,FALSE,FALSE,,STRICT_FAIL_NONCANDIDATE,
qwen,Qwen3.5-9B,C0_closed_book,F_E11,E_dependency_interaction,R04_YARN_QUEUE;R06_DYNAMIC_SHUFFLE_TRACKING;R10_DYNAMIC_SCALE_RUNTIME,COMPOSITION_OF_REAL_CASE_RULES,,True,OK,FAIL,False,,False,STATIC,UNAUTHORIZED_SETTING;UNSUPPORTED_VALIDATOR_KEY;MISSING_REQUIRED_SETTING;MISSING_REQUIRED_SETTING,,True,False,STATIC,False,,UNAUTHORIZED_SETTING;UNSUPPORTED_VALIDATOR_KEY;MISSING_REQUIRED_SETTING,,False,20260930T101751Z_fe995b04,20260930T132312Z_62a763de,False,0.1.1,FALSE,FALSE,FALSE,,STRICT_FAIL_NONCANDIDATE,
qwen,Qwen3.5-9B,C0_closed_book,F_E12,E_dependency_interaction,R06_DYNAMIC_SHUFFLE_TRACKING;R10_DYNAMIC_SCALE_RUNTIME,DIRECT_REAL_CASE_ADAPTATION,,True,OK,FAIL,False,,False,STATIC,MISSING_REQUIRED_SETTING,,True,True,,True,PASS,,application_1790519959162_0406,True,20260930T101751Z_fe995b04,20260930T132312Z_62a763de,False,0.1.1,FALSE,FALSE,FALSE,,STRICT_FAIL_NONCANDIDATE,
qwen,Qwen3.5-9B,C0_closed_book,F_E13,E_dependency_interaction,R12_EXECUTOR_CORES;R06_DYNAMIC_SHUFFLE_TRACKING;R10_DYNAMIC_SCALE_RUNTIME,DIRECT_REAL_CASE_ADAPTATION,,True,OK,FAIL,False,,False,STATIC,UNAUTHORIZED_SETTING;UNSUPPORTED_VALIDATOR_KEY;MISSING_REQUIRED_SETTING,,True,True,,True,PASS,,application_1790519959162_0407,True,20260930T101751Z_fe995b04,20260930T132312Z_62a763de,False,0.1.1,FALSE,FALSE,FALSE,,STRICT_FAIL_NONCANDIDATE,
qwen,Qwen3.5-9B,C0_closed_book,F_E14,E_dependency_interaction,R11_DYNAMIC_INITIAL_PRECEDENCE;R01_EXECUTOR_MEMORY;R06_DYNAMIC_SHUFFLE_TRACKING,DIRECT_REAL_CASE_ADAPTATION,,True,OK,FAIL,False,,False,STATIC,UNAUTHORIZED_SETTING;UNSUPPORTED_VALIDATOR_KEY;MISSING_REQUIRED_SETTING;MISSING_REQUIRED_SETTING;TASK_VALUE_MISMATCH,,True,False,STATIC,False,,UNAUTHORIZED_SETTING;UNSUPPORTED_VALIDATOR_KEY;MISSING_REQUIRED_SETTING,,False,20260930T101751Z_fe995b04,20260930T132312Z_62a763de,False,0.1.1,FALSE,FALSE,FALSE,,STRICT_FAIL_NONCANDIDATE,
qwen,Qwen3.5-9B,C0_closed_book,F_E15,E_dependency_interaction,R06_DYNAMIC_SHUFFLE_TRACKING;R10_DYNAMIC_SCALE_RUNTIME,DIRECT_REAL_CASE_ADAPTATION,,True,OK,FAIL,False,,False,STATIC,UNAUTHORIZED_SETTING;UNSUPPORTED_VALIDATOR_KEY;UNAUTHORIZED_SETTING;UNSUPPORTED_VALIDATOR_KEY;MISSING_REQUIRED_SETTING;MISSING_REQUIRED_SETTING,,True,False,STATIC,False,,UNAUTHORIZED_SETTING;UNSUPPORTED_VALIDATOR_KEY;UNAUTHORIZED_SETTING;UNSUPPORTED_VALIDATOR_KEY;MISSING_REQUIRED_SETTING;MISSING_REQUIRED_SETTING,,False,20260930T101751Z_fe995b04,20260930T132312Z_62a763de,False,0.1.1,FALSE,FALSE,FALSE,,STRICT_FAIL_NONCANDIDATE,
qwen,Qwen3.5-9B,C0_closed_book,F_F01,F_integrated,R14_YARN_DEPLOY_MODE;R13_EXECUTOR_INSTANCES;R12_EXECUTOR_CORES;R01_EXECUTOR_MEMORY;R05_WAIT_COMPLETION,DIRECT_REAL_CASE_ADAPTATION,,True,OK,FAIL,False,,False,STATIC,UNAUTHORIZED_SETTING;INVALID_VALUE;MISSING_REQUIRED_SETTING,,True,False,STATIC,False,,UNAUTHORIZED_SETTING;INVALID_VALUE;MISSING_REQUIRED_SETTING;TASK_VALUE_MISMATCH;WAIT_COMPLETION_REQUIRES_YARN_CLUSTER,,False,20260930T101751Z_fe995b04,20260930T132312Z_62a763de,False,0.1.1,FALSE,FALSE,FALSE,,STRICT_FAIL_NONCANDIDATE,
qwen,Qwen3.5-9B,C0_closed_book,F_F02,F_integrated,R07_CLIENT_DRIVER_MEMORY_PLACEMENT;R13_EXECUTOR_INSTANCES;R12_EXECUTOR_CORES;R01_EXECUTOR_MEMORY;R04_YARN_QUEUE;R14_YARN_DEPLOY_MODE,DIRECT_REAL_CASE_ADAPTATION,,True,OK,FAIL,False,,False,STATIC,MISSING_REQUIRED_SETTING;MISSING_REQUIRED_SETTING,,True,True,,True,PASS,,application_1790519959162_0408,True,20260930T101751Z_fe995b04,20260930T132312Z_62a763de,False,0.1.1,FALSE,FALSE,FALSE,,STRICT_FAIL_NONCANDIDATE,
qwen,Qwen3.5-9B,C0_closed_book,F_F03,F_integrated,R14_YARN_DEPLOY_MODE;R13_EXECUTOR_INSTANCES;R12_EXECUTOR_CORES;R01_EXECUTOR_MEMORY;R08_EXECUTOR_MEMORY_OVERHEAD;R05_WAIT_COMPLETION,DIRECT_REAL_CASE_ADAPTATION,,True,OK,FAIL,False,,False,STATIC,INVALID_VALUE;UNAUTHORIZED_SETTING;UNSUPPORTED_VALIDATOR_KEY;MISSING_REQUIRED_SETTING;MISSING_REQUIRED_SETTING;MISSING_REQUIRED_SETTING,,True,False,STATIC,False,,INVALID_VALUE;UNAUTHORIZED_SETTING;UNSUPPORTED_VALIDATOR_KEY;MISSING_REQUIRED_SETTING;TASK_VALUE_MISMATCH;WAIT_COMPLETION_REQUIRES_YARN_CLUSTER,,False,20260930T101751Z_fe995b04,20260930T132312Z_62a763de,False,0.1.1,FALSE,FALSE,FALSE,,STRICT_FAIL_NONCANDIDATE,
qwen,Qwen3.5-9B,C0_closed_book,F_F04,F_integrated,R14_YARN_DEPLOY_MODE;R01_EXECUTOR_MEMORY;R12_EXECUTOR_CORES;R06_DYNAMIC_SHUFFLE_TRACKING;R10_DYNAMIC_SCALE_RUNTIME;R05_WAIT_COMPLETION,DIRECT_REAL_CASE_ADAPTATION,,True,OK,FAIL,False,,False,STATIC,MISSING_REQUIRED_SETTING;MISSING_REQUIRED_SETTING,,True,False,STATIC,False,,TASK_VALUE_MISMATCH,,False,20260930T101751Z_fe995b04,20260930T132312Z_62a763de,False,0.1.1,FALSE,FALSE,FALSE,,STRICT_FAIL_NONCANDIDATE,
qwen,Qwen3.5-9B,C0_closed_book,F_F05,F_integrated,R03_CLI_OVER_DEFAULTS;R14_YARN_DEPLOY_MODE;R01_EXECUTOR_MEMORY;R13_EXECUTOR_INSTANCES;R12_EXECUTOR_CORES;R04_YARN_QUEUE;R05_WAIT_COMPLETION,COMPOSITION_OF_REAL_CASE_RULES,,True,OK,FAIL,False,,False,STATIC,UNAUTHORIZED_SETTING;UNSUPPORTED_VALIDATOR_KEY;MISSING_REQUIRED_SETTING;MISSING_REQUIRED_SETTING;MISSING_REQUIRED_SETTING;MISSING_REQUIRED_SETTING,,True,False,STATIC,False,,INVALID_VALUE;UNAUTHORIZED_SETTING;UNSUPPORTED_VALIDATOR_KEY;MISSING_REQUIRED_SETTING;MISSING_REQUIRED_SETTING;WAIT_COMPLETION_REQUIRES_YARN_CLUSTER,,False,20260930T101751Z_fe995b04,20260930T132312Z_62a763de,False,0.1.1,FALSE,FALSE,FALSE,,STRICT_FAIL_NONCANDIDATE,
qwen,Qwen3.5-9B,C0_closed_book,F_F06,F_integrated,R14_YARN_DEPLOY_MODE;R04_YARN_QUEUE;R13_EXECUTOR_INSTANCES;R12_EXECUTOR_CORES;R01_EXECUTOR_MEMORY;R05_WAIT_COMPLETION,DIRECT_REAL_CASE_ADAPTATION,,True,OK,FAIL,False,,False,STATIC,UNKNOWN_SUBMIT_OPTION;MISSING_REQUIRED_SETTING;MISSING_REQUIRED_SETTING;MISSING_REQUIRED_SETTING,,True,True,,True,PASS,,application_1790519959162_0409,True,20260930T101751Z_fe995b04,20260930T132312Z_62a763de,False,0.1.1,FALSE,FALSE,FALSE,,STRICT_FAIL_NONCANDIDATE,
qwen,Qwen3.5-9B,C0_closed_book,F_F07,F_integrated,R07_CLIENT_DRIVER_MEMORY_PLACEMENT;R13_EXECUTOR_INSTANCES;R12_EXECUTOR_CORES;R01_EXECUTOR_MEMORY;R04_YARN_QUEUE;R14_YARN_DEPLOY_MODE,DIRECT_REAL_CASE_ADAPTATION,,True,OK,FAIL,False,,False,STATIC,DISALLOWED_CONFIGURATION_SOURCE;MISSING_REQUIRED_SETTING;MISSING_REQUIRED_SETTING,,True,False,STATIC,False,,DISALLOWED_CONFIGURATION_SOURCE,,False,20260930T101751Z_fe995b04,20260930T132312Z_62a763de,False,0.1.1,FALSE,FALSE,FALSE,,STRICT_FAIL_NONCANDIDATE,
qwen,Qwen3.5-9B,C0_closed_book,F_F08,F_integrated,R14_YARN_DEPLOY_MODE;R04_YARN_QUEUE;R13_EXECUTOR_INSTANCES;R01_EXECUTOR_MEMORY;R08_EXECUTOR_MEMORY_OVERHEAD;R05_WAIT_COMPLETION,DIRECT_REAL_CASE_ADAPTATION,,True,OK,FAIL,False,,False,STATIC,UNAUTHORIZED_SETTING;INVALID_VALUE;TASK_VALUE_MISMATCH;MISSING_REQUIRED_SETTING;MISSING_REQUIRED_SETTING,,True,False,STATIC,False,,UNAUTHORIZED_SETTING;INVALID_VALUE;TASK_VALUE_MISMATCH;TASK_VALUE_MISMATCH;WAIT_COMPLETION_REQUIRES_YARN_CLUSTER,,False,20260930T101751Z_fe995b04,20260930T132312Z_62a763de,False,0.1.1,FALSE,FALSE,FALSE,,STRICT_FAIL_NONCANDIDATE,
qwen,Qwen3.5-9B,C0_closed_book,F_F09,F_integrated,R14_YARN_DEPLOY_MODE;R04_YARN_QUEUE;R11_DYNAMIC_INITIAL_PRECEDENCE;R06_DYNAMIC_SHUFFLE_TRACKING,DIRECT_REAL_CASE_ADAPTATION,,True,OK,FAIL,False,,False,STATIC,MISSING_REQUIRED_SETTING,,True,True,,True,PASS,,application_1790519959162_0410,True,20260930T101751Z_fe995b04,20260930T132312Z_62a763de,False,0.1.1,FALSE,FALSE,FALSE,,STRICT_FAIL_NONCANDIDATE,
qwen,Qwen3.5-9B,C0_closed_book,F_F10,F_integrated,R03_CLI_OVER_DEFAULTS;R14_YARN_DEPLOY_MODE;R01_EXECUTOR_MEMORY;R12_EXECUTOR_CORES;R13_EXECUTOR_INSTANCES;R05_WAIT_COMPLETION,COMPOSITION_OF_REAL_CASE_RULES,,True,OK,FAIL,False,,False,STATIC,UNAUTHORIZED_SETTING;UNSUPPORTED_VALIDATOR_KEY;MISSING_REQUIRED_SETTING;MISSING_REQUIRED_SETTING;MISSING_REQUIRED_SETTING,,True,True,,True,PASS,,application_1790519959162_0411,True,20260930T101751Z_fe995b04,20260930T132312Z_62a763de,False,0.1.1,FALSE,FALSE,FALSE,,STRICT_FAIL_NONCANDIDATE,
qwen,Qwen3.5-9B,C0_closed_book,F_F11,F_integrated,R14_YARN_DEPLOY_MODE;R04_YARN_QUEUE;R06_DYNAMIC_SHUFFLE_TRACKING;R10_DYNAMIC_SCALE_RUNTIME;R05_WAIT_COMPLETION,COMPOSITION_OF_REAL_CASE_RULES,,True,OK,FAIL,False,,False,STATIC,MISSING_REQUIRED_SETTING;MISSING_REQUIRED_SETTING,,True,False,STATIC,False,,TASK_VALUE_MISMATCH,,False,20260930T101751Z_fe995b04,20260930T132312Z_62a763de,False,0.1.1,FALSE,FALSE,FALSE,,STRICT_FAIL_NONCANDIDATE,
qwen,Qwen3.5-9B,C0_closed_book,F_F12,F_integrated,R07_CLIENT_DRIVER_MEMORY_PLACEMENT;R13_EXECUTOR_INSTANCES;R12_EXECUTOR_CORES;R01_EXECUTOR_MEMORY;R04_YARN_QUEUE;R14_YARN_DEPLOY_MODE,DIRECT_REAL_CASE_ADAPTATION,,True,OK,FAIL,False,,False,STATIC,DISALLOWED_CONFIGURATION_SOURCE;MISSING_REQUIRED_SETTING;MISSING_REQUIRED_SETTING,,True,False,STATIC,False,,DISALLOWED_CONFIGURATION_SOURCE,,False,20260930T101751Z_fe995b04,20260930T132312Z_62a763de,False,0.1.1,FALSE,FALSE,FALSE,,STRICT_FAIL_NONCANDIDATE,
qwen,Qwen3.5-9B,C0_closed_book,F_F13,F_integrated,R14_YARN_DEPLOY_MODE;R04_YARN_QUEUE;R13_EXECUTOR_INSTANCES;R12_EXECUTOR_CORES;R01_EXECUTOR_MEMORY;R08_EXECUTOR_MEMORY_OVERHEAD;R05_WAIT_COMPLETION,DIRECT_REAL_CASE_ADAPTATION,,True,OK,FAIL,False,,False,STATIC,UNAUTHORIZED_EXTRA_SUBMIT_OPTION;UNAUTHORIZED_SETTING;INVALID_VALUE;UNAUTHORIZED_SETTING;UNSUPPORTED_VALIDATOR_KEY;MISSING_REQUIRED_SETTING;MISSING_REQUIRED_SETTING;MISSING_REQUIRED_SETTING;MISSING_REQUIRED_SETTING,,True,False,STATIC,False,,UNAUTHORIZED_SETTING;INVALID_VALUE;UNAUTHORIZED_SETTING;UNSUPPORTED_VALIDATOR_KEY;MISSING_REQUIRED_SETTING;MISSING_REQUIRED_SETTING;MISSING_REQUIRED_SETTING,,False,20260930T101751Z_fe995b04,20260930T132312Z_62a763de,False,0.1.1,FALSE,FALSE,FALSE,,STRICT_FAIL_NONCANDIDATE,
qwen,Qwen3.5-9B,C0_closed_book,F_F14,F_integrated,R14_YARN_DEPLOY_MODE;R04_YARN_QUEUE;R13_EXECUTOR_INSTANCES;R12_EXECUTOR_CORES;R01_EXECUTOR_MEMORY;R05_WAIT_COMPLETION,DIRECT_REAL_CASE_ADAPTATION,,True,OK,FAIL,False,,False,STATIC,MISSING_REQUIRED_SETTING;TASK_VALUE_MISMATCH;MISSING_REQUIRED_SETTING,,True,False,STATIC,False,,TASK_VALUE_MISMATCH,,False,20260930T101751Z_fe995b04,20260930T132312Z_62a763de,False,0.1.1,FALSE,FALSE,FALSE,,STRICT_FAIL_NONCANDIDATE,
qwen,Qwen3.5-9B,C0_closed_book,F_F15,F_integrated,R14_YARN_DEPLOY_MODE;R04_YARN_QUEUE;R01_EXECUTOR_MEMORY;R12_EXECUTOR_CORES;R06_DYNAMIC_SHUFFLE_TRACKING;R10_DYNAMIC_SCALE_RUNTIME,COMPOSITION_OF_REAL_CASE_RULES,,True,OK,FAIL,False,,False,STATIC,MISSING_REQUIRED_SETTING;MISSING_REQUIRED_SETTING,,True,True,,True,PASS,,application_1790519959162_0412,True,20260930T101751Z_fe995b04,20260930T132312Z_62a763de,False,0.1.1,FALSE,FALSE,FALSE,,STRICT_FAIL_NONCANDIDATE,
qwen,Qwen3.5-9B,C1_frozen_official_docs_v04,F_A01,A_resource,R01_EXECUTOR_MEMORY,DIRECT_REAL_CASE_ADAPTATION,,True,OK,PASS,True,PASS,True,,,application_1790519959162_0323,False,,,,,,,True,20260930T101751Z_fe995b04,20260930T132312Z_62a763de,False,0.1.1,TRUE,TRUE,FALSE,,STRICT_PASS,
qwen,Qwen3.5-9B,C1_frozen_official_docs_v04,F_A02,A_resource,R01_EXECUTOR_MEMORY,DIRECT_REAL_CASE_ADAPTATION,,True,OK,PASS,True,PASS,True,,,application_1790519959162_0324,False,,,,,,,True,20260930T101751Z_fe995b04,20260930T132312Z_62a763de,False,0.1.1,TRUE,TRUE,FALSE,,STRICT_PASS,
qwen,Qwen3.5-9B,C1_frozen_official_docs_v04,F_A03,A_resource,R12_EXECUTOR_CORES,DIRECT_REAL_CASE_ADAPTATION,,True,OK,PASS,True,PASS,True,,,application_1790519959162_0325,False,,,,,,,True,20260930T101751Z_fe995b04,20260930T132312Z_62a763de,False,0.1.1,TRUE,TRUE,FALSE,,STRICT_PASS,
qwen,Qwen3.5-9B,C1_frozen_official_docs_v04,F_A04,A_resource,R13_EXECUTOR_INSTANCES,DIRECT_REAL_CASE_ADAPTATION,,True,OK,PASS,True,PASS,True,,,application_1790519959162_0326,False,,,,,,,True,20260930T101751Z_fe995b04,20260930T132312Z_62a763de,False,0.1.1,TRUE,TRUE,FALSE,,STRICT_PASS,
qwen,Qwen3.5-9B,C1_frozen_official_docs_v04,F_A05,A_resource,R01_EXECUTOR_MEMORY;R08_EXECUTOR_MEMORY_OVERHEAD,DIRECT_REAL_CASE_ADAPTATION,,True,OK,PASS,True,PASS,True,,,application_1790519959162_0327,False,,,,,,,True,20260930T101751Z_fe995b04,20260930T132312Z_62a763de,False,0.1.1,TRUE,TRUE,FALSE,,STRICT_PASS,
qwen,Qwen3.5-9B,C1_frozen_official_docs_v04,F_A06,A_resource,R13_EXECUTOR_INSTANCES;R01_EXECUTOR_MEMORY;R08_EXECUTOR_MEMORY_OVERHEAD,DIRECT_REAL_CASE_ADAPTATION,,True,OK,PASS,True,PASS,True,,,application_1790519959162_0328,False,,,,,,,True,20260930T101751Z_fe995b04,20260930T132312Z_62a763de,False,0.1.1,TRUE,TRUE,FALSE,,STRICT_PASS,
qwen,Qwen3.5-9B,C1_frozen_official_docs_v04,F_A07,A_resource,R13_EXECUTOR_INSTANCES;R12_EXECUTOR_CORES,DIRECT_REAL_CASE_ADAPTATION,,True,OK,PASS,True,PASS,True,,,application_1790519959162_0329,False,,,,,,,True,20260930T101751Z_fe995b04,20260930T132312Z_62a763de,False,0.1.1,TRUE,TRUE,FALSE,,STRICT_PASS,
qwen,Qwen3.5-9B,C1_frozen_official_docs_v04,F_A08,A_resource,R13_EXECUTOR_INSTANCES;R01_EXECUTOR_MEMORY,DIRECT_REAL_CASE_ADAPTATION,,True,OK,PASS,True,PASS,True,,,application_1790519959162_0330,False,,,,,,,True,20260930T101751Z_fe995b04,20260930T132312Z_62a763de,False,0.1.1,TRUE,TRUE,FALSE,,STRICT_PASS,
qwen,Qwen3.5-9B,C1_frozen_official_docs_v04,F_A09,A_resource,R13_EXECUTOR_INSTANCES;R12_EXECUTOR_CORES;R01_EXECUTOR_MEMORY,DIRECT_REAL_CASE_ADAPTATION,,True,OK,PASS,True,PASS,True,,,application_1790519959162_0331,False,,,,,,,True,20260930T101751Z_fe995b04,20260930T132312Z_62a763de,False,0.1.1,TRUE,TRUE,FALSE,,STRICT_PASS,
qwen,Qwen3.5-9B,C1_frozen_official_docs_v04,F_A10,A_resource,R13_EXECUTOR_INSTANCES;R12_EXECUTOR_CORES;R01_EXECUTOR_MEMORY;R08_EXECUTOR_MEMORY_OVERHEAD,DIRECT_REAL_CASE_ADAPTATION,,True,OK,PASS,True,PASS,True,,,application_1790519959162_0332,False,,,,,,,True,20260930T101751Z_fe995b04,20260930T132312Z_62a763de,False,0.1.1,TRUE,TRUE,FALSE,,STRICT_PASS,
qwen,Qwen3.5-9B,C1_frozen_official_docs_v04,F_A11,A_resource,R13_EXECUTOR_INSTANCES;R12_EXECUTOR_CORES,DIRECT_REAL_CASE_ADAPTATION,,True,OK,PASS,True,PASS,True,,,application_1790519959162_0333,False,,,,,,,True,20260930T101751Z_fe995b04,20260930T132312Z_62a763de,False,0.1.1,TRUE,TRUE,FALSE,,STRICT_PASS,
qwen,Qwen3.5-9B,C1_frozen_official_docs_v04,F_A12,A_resource,R01_EXECUTOR_MEMORY;R08_EXECUTOR_MEMORY_OVERHEAD,DIRECT_REAL_CASE_ADAPTATION,,True,OK,PASS,True,PASS,True,,,application_1790519959162_0334,False,,,,,,,True,20260930T101751Z_fe995b04,20260930T132312Z_62a763de,False,0.1.1,TRUE,TRUE,FALSE,,STRICT_PASS,
qwen,Qwen3.5-9B,C1_frozen_official_docs_v04,F_A13,A_resource,R13_EXECUTOR_INSTANCES;R12_EXECUTOR_CORES,DIRECT_REAL_CASE_ADAPTATION,,True,OK,PASS,True,PASS,True,,,application_1790519959162_0335,False,,,,,,,True,20260930T101751Z_fe995b04,20260930T132312Z_62a763de,False,0.1.1,TRUE,TRUE,FALSE,,STRICT_PASS,
qwen,Qwen3.5-9B,C1_frozen_official_docs_v04,F_A14,A_resource,R13_EXECUTOR_INSTANCES;R12_EXECUTOR_CORES;R01_EXECUTOR_MEMORY;R08_EXECUTOR_MEMORY_OVERHEAD,DIRECT_REAL_CASE_ADAPTATION,,True,OK,PASS,True,PASS,True,,,application_1790519959162_0336,False,,,,,,,True,20260930T101751Z_fe995b04,20260930T132312Z_62a763de,False,0.1.1,TRUE,TRUE,FALSE,,STRICT_PASS,
qwen,Qwen3.5-9B,C1_frozen_official_docs_v04,F_A15,A_resource,R13_EXECUTOR_INSTANCES;R12_EXECUTOR_CORES;R01_EXECUTOR_MEMORY,DIRECT_REAL_CASE_ADAPTATION,,True,OK,PASS,True,PASS,True,,,application_1790519959162_0337,False,,,,,,,True,20260930T101751Z_fe995b04,20260930T132312Z_62a763de,False,0.1.1,TRUE,TRUE,FALSE,,STRICT_PASS,
qwen,Qwen3.5-9B,C1_frozen_official_docs_v04,F_B01,B_driver_executor,R07_CLIENT_DRIVER_MEMORY_PLACEMENT;R01_EXECUTOR_MEMORY;R14_YARN_DEPLOY_MODE,DIRECT_REAL_CASE_ADAPTATION,,True,OK,FAIL,False,,False,STATIC,MODEL_POSITIONAL_ARGUMENT_NOT_ALLOWED;MISSING_REQUIRED_SETTING,,True,False,STATIC,False,,MODEL_POSITIONAL_ARGUMENT_NOT_ALLOWED;MISSING_REQUIRED_SETTING,,False,20260930T101751Z_fe995b04,20260930T132312Z_62a763de,False,0.1.1,FALSE,FALSE,FALSE,,STRICT_FAIL_NONCANDIDATE,
qwen,Qwen3.5-9B,C1_frozen_official_docs_v04,F_B02,B_driver_executor,R07_CLIENT_DRIVER_MEMORY_PLACEMENT;R13_EXECUTOR_INSTANCES;R12_EXECUTOR_CORES;R01_EXECUTOR_MEMORY;R14_YARN_DEPLOY_MODE,DIRECT_REAL_CASE_ADAPTATION,,True,OK,FAIL,False,,False,STATIC,UNKNOWN_SUBMIT_OPTION;MODEL_POSITIONAL_ARGUMENT_NOT_ALLOWED;MISSING_REQUIRED_SETTING,,True,True,,True,PASS,,application_1790519959162_0413,True,20260930T101751Z_fe995b04,20260930T132312Z_62a763de,False,0.1.1,FALSE,FALSE,FALSE,,STRICT_FAIL_NONCANDIDATE,
qwen,Qwen3.5-9B,C1_frozen_official_docs_v04,F_B03,B_driver_executor,R07_CLIENT_DRIVER_MEMORY_PLACEMENT;R13_EXECUTOR_INSTANCES;R12_EXECUTOR_CORES;R01_EXECUTOR_MEMORY;R14_YARN_DEPLOY_MODE,DIRECT_REAL_CASE_ADAPTATION,,True,OK,FAIL,False,,False,STATIC,UNKNOWN_SUBMIT_OPTION;MODEL_POSITIONAL_ARGUMENT_NOT_ALLOWED;MISSING_REQUIRED_SETTING,,True,False,STATIC,False,,UNKNOWN_SUBMIT_OPTION;MODEL_POSITIONAL_ARGUMENT_NOT_ALLOWED;MISSING_REQUIRED_SETTING,,False,20260930T101751Z_fe995b04,20260930T132312Z_62a763de,False,0.1.1,FALSE,FALSE,FALSE,,STRICT_FAIL_NONCANDIDATE,
qwen,Qwen3.5-9B,C1_frozen_official_docs_v04,F_B04,B_driver_executor,R07_CLIENT_DRIVER_MEMORY_PLACEMENT;R13_EXECUTOR_INSTANCES;R12_EXECUTOR_CORES;R01_EXECUTOR_MEMORY;R14_YARN_DEPLOY_MODE,DIRECT_REAL_CASE_ADAPTATION,,True,OK,FAIL,False,,False,STATIC,UNKNOWN_SUBMIT_OPTION;MODEL_POSITIONAL_ARGUMENT_NOT_ALLOWED;MISSING_REQUIRED_SETTING,,True,True,,True,PASS,,application_1790519959162_0414,True,20260930T101751Z_fe995b04,20260930T132312Z_62a763de,False,0.1.1,FALSE,FALSE,FALSE,,STRICT_FAIL_NONCANDIDATE,
qwen,Qwen3.5-9B,C1_frozen_official_docs_v04,F_B05,B_driver_executor,R07_CLIENT_DRIVER_MEMORY_PLACEMENT;R13_EXECUTOR_INSTANCES;R12_EXECUTOR_CORES;R01_EXECUTOR_MEMORY;R14_YARN_DEPLOY_MODE,DIRECT_REAL_CASE_ADAPTATION,,True,OK,FAIL,False,,False,STATIC,UNKNOWN_SUBMIT_OPTION;MODEL_POSITIONAL_ARGUMENT_NOT_ALLOWED;MISSING_REQUIRED_SETTING,,True,True,,True,PASS,,application_1790519959162_0415,True,20260930T101751Z_fe995b04,20260930T132312Z_62a763de,False,0.1.1,FALSE,FALSE,FALSE,,STRICT_FAIL_NONCANDIDATE,
qwen,Qwen3.5-9B,C1_frozen_official_docs_v04,F_B06,B_driver_executor,R07_CLIENT_DRIVER_MEMORY_PLACEMENT;R13_EXECUTOR_INSTANCES;R12_EXECUTOR_CORES;R01_EXECUTOR_MEMORY;R14_YARN_DEPLOY_MODE,DIRECT_REAL_CASE_ADAPTATION,,True,OK,FAIL,False,,False,STATIC,UNKNOWN_SUBMIT_OPTION;MODEL_POSITIONAL_ARGUMENT_NOT_ALLOWED;MISSING_REQUIRED_SETTING,,True,True,,True,PASS,,application_1790519959162_0416,True,20260930T101751Z_fe995b04,20260930T132312Z_62a763de,False,0.1.1,FALSE,FALSE,FALSE,,STRICT_FAIL_NONCANDIDATE,
qwen,Qwen3.5-9B,C1_frozen_official_docs_v04,F_B07,B_driver_executor,R07_CLIENT_DRIVER_MEMORY_PLACEMENT;R13_EXECUTOR_INSTANCES;R12_EXECUTOR_CORES;R01_EXECUTOR_MEMORY;R14_YARN_DEPLOY_MODE,DIRECT_REAL_CASE_ADAPTATION,,True,OK,PASS,True,PASS,True,,,application_1790519959162_0338,False,,,,,,,True,20260930T101751Z_fe995b04,20260930T132312Z_62a763de,False,0.1.1,TRUE,TRUE,FALSE,,STRICT_PASS,
qwen,Qwen3.5-9B,C1_frozen_official_docs_v04,F_B08,B_driver_executor,R14_YARN_DEPLOY_MODE;R13_EXECUTOR_INSTANCES;R12_EXECUTOR_CORES;R01_EXECUTOR_MEMORY,DIRECT_REAL_CASE_ADAPTATION,,True,OK,PASS,True,PASS,True,,,application_1790519959162_0339,False,,,,,,,True,20260930T101751Z_fe995b04,20260930T132312Z_62a763de,False,0.1.1,TRUE,TRUE,FALSE,,STRICT_PASS,
qwen,Qwen3.5-9B,C1_frozen_official_docs_v04,F_B09,B_driver_executor,R14_YARN_DEPLOY_MODE;R13_EXECUTOR_INSTANCES;R12_EXECUTOR_CORES;R01_EXECUTOR_MEMORY,DIRECT_REAL_CASE_ADAPTATION,,True,OK,FAIL,False,,False,STATIC,UNKNOWN_SUBMIT_OPTION;MODEL_POSITIONAL_ARGUMENT_NOT_ALLOWED;MISSING_REQUIRED_SETTING,,True,False,STATIC,False,,UNKNOWN_SUBMIT_OPTION;MODEL_POSITIONAL_ARGUMENT_NOT_ALLOWED;MISSING_REQUIRED_SETTING,,False,20260930T101751Z_fe995b04,20260930T132312Z_62a763de,False,0.1.1,FALSE,FALSE,FALSE,,STRICT_FAIL_NONCANDIDATE,
qwen,Qwen3.5-9B,C1_frozen_official_docs_v04,F_B10,B_driver_executor,R07_CLIENT_DRIVER_MEMORY_PLACEMENT;R13_EXECUTOR_INSTANCES;R12_EXECUTOR_CORES;R01_EXECUTOR_MEMORY;R04_YARN_QUEUE;R14_YARN_DEPLOY_MODE,DIRECT_REAL_CASE_ADAPTATION,,True,OK,FAIL,False,,False,STATIC,MODEL_POSITIONAL_ARGUMENT_NOT_ALLOWED;MISSING_REQUIRED_SETTING,,True,True,,True,PASS,,application_1790519959162_0417,True,20260930T101751Z_fe995b04,20260930T132312Z_62a763de,False,0.1.1,FALSE,FALSE,FALSE,,STRICT_FAIL_NONCANDIDATE,
qwen,Qwen3.5-9B,C1_frozen_official_docs_v04,F_B11,B_driver_executor,R07_CLIENT_DRIVER_MEMORY_PLACEMENT;R13_EXECUTOR_INSTANCES;R12_EXECUTOR_CORES;R01_EXECUTOR_MEMORY;R14_YARN_DEPLOY_MODE,DIRECT_REAL_CASE_ADAPTATION,,True,OK,FAIL,False,,False,STATIC,MODEL_POSITIONAL_ARGUMENT_NOT_ALLOWED;MISSING_REQUIRED_SETTING;MISSING_REQUIRED_SETTING,,True,False,STATIC,False,,MODEL_POSITIONAL_ARGUMENT_NOT_ALLOWED,,False,20260930T101751Z_fe995b04,20260930T132312Z_62a763de,False,0.1.1,FALSE,FALSE,FALSE,,STRICT_FAIL_NONCANDIDATE,
qwen,Qwen3.5-9B,C1_frozen_official_docs_v04,F_B12,B_driver_executor,R14_YARN_DEPLOY_MODE;R13_EXECUTOR_INSTANCES;R12_EXECUTOR_CORES;R01_EXECUTOR_MEMORY,DIRECT_REAL_CASE_ADAPTATION,,True,OK,FAIL,False,,False,STATIC,UNKNOWN_SUBMIT_OPTION;MODEL_POSITIONAL_ARGUMENT_NOT_ALLOWED;MISSING_REQUIRED_SETTING,,True,True,,True,PASS,,application_1790519959162_0418,True,20260930T101751Z_fe995b04,20260930T132312Z_62a763de,False,0.1.1,FALSE,FALSE,FALSE,,STRICT_FAIL_NONCANDIDATE,
qwen,Qwen3.5-9B,C1_frozen_official_docs_v04,F_B13,B_driver_executor,R14_YARN_DEPLOY_MODE;R13_EXECUTOR_INSTANCES;R12_EXECUTOR_CORES;R01_EXECUTOR_MEMORY,DIRECT_REAL_CASE_ADAPTATION,,True,OK,PASS,True,PASS,True,,,application_1790519959162_0340,False,,,,,,,True,20260930T101751Z_fe995b04,20260930T132312Z_62a763de,False,0.1.1,TRUE,TRUE,FALSE,,STRICT_PASS,
qwen,Qwen3.5-9B,C1_frozen_official_docs_v04,F_B14,B_driver_executor,R07_CLIENT_DRIVER_MEMORY_PLACEMENT;R13_EXECUTOR_INSTANCES;R12_EXECUTOR_CORES;R01_EXECUTOR_MEMORY;R14_YARN_DEPLOY_MODE,DIRECT_REAL_CASE_ADAPTATION,,True,OK,FAIL,False,,False,STATIC,UNKNOWN_SUBMIT_OPTION;MODEL_POSITIONAL_ARGUMENT_NOT_ALLOWED;MISSING_REQUIRED_SETTING,,True,True,,True,PASS,,application_1790519959162_0419,True,20260930T101751Z_fe995b04,20260930T132312Z_62a763de,False,0.1.1,FALSE,FALSE,FALSE,,STRICT_FAIL_NONCANDIDATE,
qwen,Qwen3.5-9B,C1_frozen_official_docs_v04,F_B15,B_driver_executor,R14_YARN_DEPLOY_MODE;R13_EXECUTOR_INSTANCES;R12_EXECUTOR_CORES;R01_EXECUTOR_MEMORY,DIRECT_REAL_CASE_ADAPTATION,,True,OK,FAIL,False,,False,STATIC,UNKNOWN_SUBMIT_OPTION;MODEL_POSITIONAL_ARGUMENT_NOT_ALLOWED;MISSING_REQUIRED_SETTING,,True,True,,True,PASS,,application_1790519959162_0420,True,20260930T101751Z_fe995b04,20260930T132312Z_62a763de,False,0.1.1,FALSE,FALSE,FALSE,,STRICT_FAIL_NONCANDIDATE,
qwen,Qwen3.5-9B,C1_frozen_official_docs_v04,F_C01,C_yarn_deploy,R14_YARN_DEPLOY_MODE;R04_YARN_QUEUE,DIRECT_REAL_CASE_ADAPTATION,,True,OK,PASS,True,PASS,True,,,application_1790519959162_0341,False,,,,,,,True,20260930T101751Z_fe995b04,20260930T132312Z_62a763de,False,0.1.1,TRUE,TRUE,FALSE,,STRICT_PASS,
qwen,Qwen3.5-9B,C1_frozen_official_docs_v04,F_C02,C_yarn_deploy,R14_YARN_DEPLOY_MODE;R04_YARN_QUEUE,DIRECT_REAL_CASE_ADAPTATION,,True,OK,PASS,True,PASS,True,,,application_1790519959162_0342,False,,,,,,,True,20260930T101751Z_fe995b04,20260930T132312Z_62a763de,False,0.1.1,TRUE,TRUE,FALSE,,STRICT_PASS,
qwen,Qwen3.5-9B,C1_frozen_official_docs_v04,F_C03,C_yarn_deploy,R14_YARN_DEPLOY_MODE;R04_YARN_QUEUE;R05_WAIT_COMPLETION,DIRECT_REAL_CASE_ADAPTATION,,True,OK,PASS,True,PASS,True,,,application_1790519959162_0343,False,,,,,,,True,20260930T101751Z_fe995b04,20260930T132312Z_62a763de,False,0.1.1,TRUE,TRUE,FALSE,,STRICT_PASS,
qwen,Qwen3.5-9B,C1_frozen_official_docs_v04,F_C04,C_yarn_deploy,R14_YARN_DEPLOY_MODE;R05_WAIT_COMPLETION,DIRECT_REAL_CASE_ADAPTATION,,True,OK,FAIL,False,,False,STATIC,MODEL_POSITIONAL_ARGUMENT_NOT_ALLOWED;MISSING_REQUIRED_SETTING,,True,True,,True,PASS,,application_1790519959162_0421,True,20260930T101751Z_fe995b04,20260930T132312Z_62a763de,False,0.1.1,FALSE,FALSE,FALSE,,STRICT_FAIL_NONCANDIDATE,
qwen,Qwen3.5-9B,C1_frozen_official_docs_v04,F_C05,C_yarn_deploy,R14_YARN_DEPLOY_MODE;R04_YARN_QUEUE;R01_EXECUTOR_MEMORY;R05_WAIT_COMPLETION,DIRECT_REAL_CASE_ADAPTATION,,True,OK,PASS,True,PASS,True,,,application_1790519959162_0344,False,,,,,,,True,20260930T101751Z_fe995b04,20260930T132312Z_62a763de,False,0.1.1,TRUE,TRUE,FALSE,,STRICT_PASS,
qwen,Qwen3.5-9B,C1_frozen_official_docs_v04,F_C06,C_yarn_deploy,R14_YARN_DEPLOY_MODE;R13_EXECUTOR_INSTANCES;R01_EXECUTOR_MEMORY,DIRECT_REAL_CASE_ADAPTATION,,True,OK,PASS,True,PASS,True,,,application_1790519959162_0345,False,,,,,,,True,20260930T101751Z_fe995b04,20260930T132312Z_62a763de,False,0.1.1,TRUE,TRUE,FALSE,,STRICT_PASS,
qwen,Qwen3.5-9B,C1_frozen_official_docs_v04,F_C07,C_yarn_deploy,R14_YARN_DEPLOY_MODE;R13_EXECUTOR_INSTANCES;R12_EXECUTOR_CORES,DIRECT_REAL_CASE_ADAPTATION,,True,OK,PASS,True,PASS,True,,,application_1790519959162_0346,False,,,,,,,True,20260930T101751Z_fe995b04,20260930T132312Z_62a763de,False,0.1.1,TRUE,TRUE,FALSE,,STRICT_PASS,
qwen,Qwen3.5-9B,C1_frozen_official_docs_v04,F_C08,C_yarn_deploy,R14_YARN_DEPLOY_MODE;R13_EXECUTOR_INSTANCES;R01_EXECUTOR_MEMORY;R05_WAIT_COMPLETION,DIRECT_REAL_CASE_ADAPTATION,,True,OK,PASS,True,PASS,True,,,application_1790519959162_0347,False,,,,,,,True,20260930T101751Z_fe995b04,20260930T132312Z_62a763de,False,0.1.1,TRUE,TRUE,FALSE,,STRICT_PASS,
qwen,Qwen3.5-9B,C1_frozen_official_docs_v04,F_C09,C_yarn_deploy,R14_YARN_DEPLOY_MODE;R13_EXECUTOR_INSTANCES;R01_EXECUTOR_MEMORY;R05_WAIT_COMPLETION,DIRECT_REAL_CASE_ADAPTATION,,True,OK,FAIL,False,,False,STATIC,TASK_VALUE_MISMATCH,,True,True,,True,PASS,,application_1790519959162_0422,True,20260930T101751Z_fe995b04,20260930T132312Z_62a763de,False,0.1.1,FALSE,FALSE,FALSE,,STRICT_FAIL_NONCANDIDATE,
qwen,Qwen3.5-9B,C1_frozen_official_docs_v04,F_C10,C_yarn_deploy,R14_YARN_DEPLOY_MODE;R04_YARN_QUEUE;R13_EXECUTOR_INSTANCES;R12_EXECUTOR_CORES,DIRECT_REAL_CASE_ADAPTATION,,True,OK,PASS,True,PASS,True,,,application_1790519959162_0348,False,,,,,,,True,20260930T101751Z_fe995b04,20260930T132312Z_62a763de,False,0.1.1,TRUE,TRUE,FALSE,,STRICT_PASS,
qwen,Qwen3.5-9B,C1_frozen_official_docs_v04,F_C11,C_yarn_deploy,R14_YARN_DEPLOY_MODE;R04_YARN_QUEUE;R13_EXECUTOR_INSTANCES;R12_EXECUTOR_CORES,DIRECT_REAL_CASE_ADAPTATION,,True,OK,PASS,True,PASS,True,,,application_1790519959162_0349,False,,,,,,,True,20260930T101751Z_fe995b04,20260930T132312Z_62a763de,False,0.1.1,TRUE,TRUE,FALSE,,STRICT_PASS,
qwen,Qwen3.5-9B,C1_frozen_official_docs_v04,F_C12,C_yarn_deploy,R14_YARN_DEPLOY_MODE;R13_EXECUTOR_INSTANCES;R12_EXECUTOR_CORES,DIRECT_REAL_CASE_ADAPTATION,,True,OK,PASS,True,PASS,True,,,application_1790519959162_0350,False,,,,,,,True,20260930T101751Z_fe995b04,20260930T132312Z_62a763de,False,0.1.1,TRUE,TRUE,FALSE,,STRICT_PASS,
qwen,Qwen3.5-9B,C1_frozen_official_docs_v04,F_C13,C_yarn_deploy,R14_YARN_DEPLOY_MODE;R13_EXECUTOR_INSTANCES;R12_EXECUTOR_CORES;R05_WAIT_COMPLETION,DIRECT_REAL_CASE_ADAPTATION,,True,OK,PASS,True,PASS,True,,,application_1790519959162_0351,False,,,,,,,True,20260930T101751Z_fe995b04,20260930T132312Z_62a763de,False,0.1.1,TRUE,TRUE,FALSE,,STRICT_PASS,
qwen,Qwen3.5-9B,C1_frozen_official_docs_v04,F_C14,C_yarn_deploy,R14_YARN_DEPLOY_MODE;R13_EXECUTOR_INSTANCES;R12_EXECUTOR_CORES;R05_WAIT_COMPLETION,DIRECT_REAL_CASE_ADAPTATION,,True,OK,PASS,True,PASS,True,,,application_1790519959162_0352,False,,,,,,,True,20260930T101751Z_fe995b04,20260930T132312Z_62a763de,False,0.1.1,TRUE,TRUE,FALSE,,STRICT_PASS,
qwen,Qwen3.5-9B,C1_frozen_official_docs_v04,F_C15,C_yarn_deploy,R14_YARN_DEPLOY_MODE;R04_YARN_QUEUE;R13_EXECUTOR_INSTANCES;R01_EXECUTOR_MEMORY,DIRECT_REAL_CASE_ADAPTATION,,True,OK,PASS,True,PASS,True,,,application_1790519959162_0353,False,,,,,,,True,20260930T101751Z_fe995b04,20260930T132312Z_62a763de,False,0.1.1,TRUE,TRUE,FALSE,,STRICT_PASS,
qwen,Qwen3.5-9B,C1_frozen_official_docs_v04,F_D01,D_source_precedence,R02_SPARK_DEFAULTS_SOURCE;R01_EXECUTOR_MEMORY,DIRECT_REAL_CASE_ADAPTATION,,True,OK,PASS,True,PASS,True,,,application_1790519959162_0354,False,,,,,,,True,20260930T101751Z_fe995b04,20260930T132312Z_62a763de,False,0.1.1,TRUE,TRUE,FALSE,,STRICT_PASS,
qwen,Qwen3.5-9B,C1_frozen_official_docs_v04,F_D02,D_source_precedence,R02_SPARK_DEFAULTS_SOURCE;R12_EXECUTOR_CORES,DIRECT_REAL_CASE_ADAPTATION,,True,OK,PASS,True,PASS,True,,,application_1790519959162_0355,False,,,,,,,True,20260930T101751Z_fe995b04,20260930T132312Z_62a763de,False,0.1.1,TRUE,TRUE,FALSE,,STRICT_PASS,
qwen,Qwen3.5-9B,C1_frozen_official_docs_v04,F_D03,D_source_precedence,R02_SPARK_DEFAULTS_SOURCE;R01_EXECUTOR_MEMORY;R12_EXECUTOR_CORES,DIRECT_REAL_CASE_ADAPTATION,,True,OK,PASS,True,PASS,True,,,application_1790519959162_0356,False,,,,,,,True,20260930T101751Z_fe995b04,20260930T132312Z_62a763de,False,0.1.1,TRUE,TRUE,FALSE,,STRICT_PASS,
qwen,Qwen3.5-9B,C1_frozen_official_docs_v04,F_D04,D_source_precedence,R03_CLI_OVER_DEFAULTS;R01_EXECUTOR_MEMORY,DIRECT_REAL_CASE_ADAPTATION,,True,OK,PASS,True,PASS,True,,,application_1790519959162_0357,False,,,,,,,True,20260930T101751Z_fe995b04,20260930T132312Z_62a763de,False,0.1.1,TRUE,TRUE,FALSE,,STRICT_PASS,
qwen,Qwen3.5-9B,C1_frozen_official_docs_v04,F_D05,D_source_precedence,R03_CLI_OVER_DEFAULTS;R12_EXECUTOR_CORES,DIRECT_REAL_CASE_ADAPTATION,,True,OK,PASS,True,PASS,True,,,application_1790519959162_0358,False,,,,,,,True,20260930T101751Z_fe995b04,20260930T132312Z_62a763de,False,0.1.1,TRUE,TRUE,FALSE,,STRICT_PASS,
qwen,Qwen3.5-9B,C1_frozen_official_docs_v04,F_D06,D_source_precedence,R03_CLI_OVER_DEFAULTS;R01_EXECUTOR_MEMORY,DIRECT_REAL_CASE_ADAPTATION,,True,OK,PASS,True,PASS,True,,,application_1790519959162_0359,False,,,,,,,True,20260930T101751Z_fe995b04,20260930T132312Z_62a763de,False,0.1.1,TRUE,TRUE,FALSE,,STRICT_PASS,
qwen,Qwen3.5-9B,C1_frozen_official_docs_v04,F_D07,D_source_precedence,R03_CLI_OVER_DEFAULTS;R01_EXECUTOR_MEMORY,DIRECT_REAL_CASE_ADAPTATION,,True,OK,PASS,True,PASS,True,,,application_1790519959162_0360,False,,,,,,,True,20260930T101751Z_fe995b04,20260930T132312Z_62a763de,False,0.1.1,TRUE,TRUE,FALSE,,STRICT_PASS,
qwen,Qwen3.5-9B,C1_frozen_official_docs_v04,F_D08,D_source_precedence,R03_CLI_OVER_DEFAULTS;R12_EXECUTOR_CORES,DIRECT_REAL_CASE_ADAPTATION,,True,OK,PASS,True,PASS,True,,,application_1790519959162_0361,False,,,,,,,True,20260930T101751Z_fe995b04,20260930T132312Z_62a763de,False,0.1.1,TRUE,TRUE,FALSE,,STRICT_PASS,
qwen,Qwen3.5-9B,C1_frozen_official_docs_v04,F_D09,D_source_precedence,R09_PROPERTIES_FILE;R01_EXECUTOR_MEMORY,DIRECT_REAL_CASE_ADAPTATION,,True,OK,PASS,True,PASS,True,,,application_1790519959162_0362,False,,,,,,,True,20260930T101751Z_fe995b04,20260930T132312Z_62a763de,False,0.1.1,TRUE,TRUE,FALSE,,STRICT_PASS,
qwen,Qwen3.5-9B,C1_frozen_official_docs_v04,F_D10,D_source_precedence,R09_PROPERTIES_FILE;R01_EXECUTOR_MEMORY;R12_EXECUTOR_CORES,DIRECT_REAL_CASE_ADAPTATION,,True,OK,PASS,True,PASS,True,,,application_1790519959162_0363,False,,,,,,,True,20260930T101751Z_fe995b04,20260930T132312Z_62a763de,False,0.1.1,TRUE,TRUE,FALSE,,STRICT_PASS,
qwen,Qwen3.5-9B,C1_frozen_official_docs_v04,F_D11,D_source_precedence,R02_SPARK_DEFAULTS_SOURCE;R06_DYNAMIC_SHUFFLE_TRACKING,DIRECT_REAL_CASE_ADAPTATION,,True,OK,PASS,True,PASS,True,,,application_1790519959162_0364,False,,,,,,,True,20260930T101751Z_fe995b04,20260930T132312Z_62a763de,False,0.1.1,TRUE,TRUE,FALSE,,STRICT_PASS,
qwen,Qwen3.5-9B,C1_frozen_official_docs_v04,F_D12,D_source_precedence,R02_SPARK_DEFAULTS_SOURCE;R14_YARN_DEPLOY_MODE,DIRECT_REAL_CASE_ADAPTATION,,True,OK,FAIL,False,,False,STATIC,UNAUTHORIZED_SETTING;UNSUPPORTED_VALIDATOR_KEY;UNAUTHORIZED_SETTING;UNSUPPORTED_VALIDATOR_KEY;MISSING_REQUIRED_SETTING;MISSING_REQUIRED_SETTING,,True,True,,True,PASS,,application_1790519959162_0423,True,20260930T101751Z_fe995b04,20260930T132312Z_62a763de,False,0.1.1,FALSE,FALSE,FALSE,,STRICT_FAIL_NONCANDIDATE,
qwen,Qwen3.5-9B,C1_frozen_official_docs_v04,F_D13,D_source_precedence,R03_CLI_OVER_DEFAULTS;R01_EXECUTOR_MEMORY;R12_EXECUTOR_CORES,DIRECT_REAL_CASE_ADAPTATION,,True,OK,PASS,True,PASS,True,,,application_1790519959162_0365,False,,,,,,,True,20260930T101751Z_fe995b04,20260930T132312Z_62a763de,False,0.1.1,TRUE,TRUE,FALSE,,STRICT_PASS,
qwen,Qwen3.5-9B,C1_frozen_official_docs_v04,F_D14,D_source_precedence,R02_SPARK_DEFAULTS_SOURCE;R04_YARN_QUEUE,DIRECT_REAL_CASE_ADAPTATION,,True,OK,PASS,True,PASS,True,,,application_1790519959162_0366,False,,,,,,,True,20260930T101751Z_fe995b04,20260930T132312Z_62a763de,False,0.1.1,TRUE,TRUE,FALSE,,STRICT_PASS,
qwen,Qwen3.5-9B,C1_frozen_official_docs_v04,F_D15,D_source_precedence,R09_PROPERTIES_FILE;R06_DYNAMIC_SHUFFLE_TRACKING,DIRECT_REAL_CASE_ADAPTATION,,True,OK,PASS,True,PASS,True,,,application_1790519959162_0367,False,,,,,,,True,20260930T101751Z_fe995b04,20260930T132312Z_62a763de,False,0.1.1,TRUE,TRUE,FALSE,,STRICT_PASS,
qwen,Qwen3.5-9B,C1_frozen_official_docs_v04,F_E01,E_dependency_interaction,R06_DYNAMIC_SHUFFLE_TRACKING,DIRECT_REAL_CASE_ADAPTATION,,True,OK,FAIL,False,,False,STATIC,UNAUTHORIZED_SETTING,,True,True,,True,PASS,,application_1790519959162_0424,True,20260930T101751Z_fe995b04,20260930T132312Z_62a763de,False,0.1.1,FALSE,FALSE,FALSE,BY008,HARMFUL,"[{""key"":""spark.dynamicAllocation.shuffleTracking.enabled"",""value"":""true"",""decision"":""HARMFUL"",""reason_code"":""H_SOURCE_PRECEDENCE"",""rationale"":""Although Spark 3.5.9 defaults shuffle tracking to true, this task explicitly requires relying on the default rather than explicitly setting the property; the extra changes the requested configuration source/omission semantics.""}]"
qwen,Qwen3.5-9B,C1_frozen_official_docs_v04,F_E02,E_dependency_interaction,R06_DYNAMIC_SHUFFLE_TRACKING;R10_DYNAMIC_SCALE_RUNTIME,DIRECT_REAL_CASE_ADAPTATION,,True,OK,PASS,True,PASS,True,,,application_1790519959162_0368,False,,,,,,,True,20260930T101751Z_fe995b04,20260930T132312Z_62a763de,False,0.1.1,TRUE,TRUE,FALSE,,STRICT_PASS,
qwen,Qwen3.5-9B,C1_frozen_official_docs_v04,F_E03,E_dependency_interaction,R06_DYNAMIC_SHUFFLE_TRACKING;R10_DYNAMIC_SCALE_RUNTIME,DIRECT_REAL_CASE_ADAPTATION,,True,OK,PASS,True,PASS,True,,,application_1790519959162_0369,False,,,,,,,True,20260930T101751Z_fe995b04,20260930T132312Z_62a763de,False,0.1.1,TRUE,TRUE,FALSE,,STRICT_PASS,
qwen,Qwen3.5-9B,C1_frozen_official_docs_v04,F_E04,E_dependency_interaction,R06_DYNAMIC_SHUFFLE_TRACKING;R10_DYNAMIC_SCALE_RUNTIME,DIRECT_REAL_CASE_ADAPTATION,,True,OK,FAIL,False,,False,STATIC,UNAUTHORIZED_SETTING;UNSUPPORTED_VALIDATOR_KEY,,True,False,STATIC,False,,UNAUTHORIZED_SETTING;UNSUPPORTED_VALIDATOR_KEY,,False,20260930T101751Z_fe995b04,20260930T132312Z_62a763de,False,0.1.1,FALSE,FALSE,FALSE,BY022,HARMFUL,"[{""key"":""spark.dynamicAllocation.executorIdleTimeout"",""value"":""-1"",""decision"":""HARMFUL"",""reason_code"":""H_CHANGES_BEHAVIOR"",""rationale"":""The supplied executorIdleTimeout=-1 differs from the Spark 3.5.9 default 60s and can change executor removal timing; it is not behaviorally inert.""}]"
qwen,Qwen3.5-9B,C1_frozen_official_docs_v04,F_E05,E_dependency_interaction,R11_DYNAMIC_INITIAL_PRECEDENCE;R06_DYNAMIC_SHUFFLE_TRACKING,DIRECT_REAL_CASE_ADAPTATION,,True,OK,PASS,True,PASS,True,,,application_1790519959162_0370,False,,,,,,,True,20260930T101751Z_fe995b04,20260930T132312Z_62a763de,False,0.1.1,TRUE,TRUE,FALSE,,STRICT_PASS,
qwen,Qwen3.5-9B,C1_frozen_official_docs_v04,F_E06,E_dependency_interaction,R11_DYNAMIC_INITIAL_PRECEDENCE;R06_DYNAMIC_SHUFFLE_TRACKING,DIRECT_REAL_CASE_ADAPTATION,,True,OK,FAIL,False,,False,STATIC,MISSING_REQUIRED_SETTING,,True,True,,True,PASS,,application_1790519959162_0425,True,20260930T101751Z_fe995b04,20260930T132312Z_62a763de,False,0.1.1,FALSE,FALSE,FALSE,,STRICT_FAIL_NONCANDIDATE,
qwen,Qwen3.5-9B,C1_frozen_official_docs_v04,F_E07,E_dependency_interaction,R11_DYNAMIC_INITIAL_PRECEDENCE;R06_DYNAMIC_SHUFFLE_TRACKING,DIRECT_REAL_CASE_ADAPTATION,,True,OK,PASS,True,PASS,True,,,application_1790519959162_0371,False,,,,,,,True,20260930T101751Z_fe995b04,20260930T132312Z_62a763de,False,0.1.1,TRUE,TRUE,FALSE,,STRICT_PASS,
qwen,Qwen3.5-9B,C1_frozen_official_docs_v04,F_E08,E_dependency_interaction,R12_EXECUTOR_CORES;R10_DYNAMIC_SCALE_RUNTIME;R06_DYNAMIC_SHUFFLE_TRACKING,DIRECT_REAL_CASE_ADAPTATION,,True,OK,FAIL,False,,False,STATIC,UNAUTHORIZED_SETTING,,True,True,,True,PASS,,application_1790519959162_0426,True,20260930T101751Z_fe995b04,20260930T132312Z_62a763de,False,0.1.1,FALSE,TRUE,TRUE,BY043,BENIGN,"[{""key"":""spark.master"",""value"":""yarn"",""decision"":""BENIGN"",""reason_code"":""B_ENVIRONMENT_RESTATEMENT"",""rationale"":""The task is explicitly framed for YARN and the benchmark execution environment is YARN; '--master yarn' restates that frozen environment without changing any task-required value/source.""}]"
qwen,Qwen3.5-9B,C1_frozen_official_docs_v04,F_E09,E_dependency_interaction,R01_EXECUTOR_MEMORY;R12_EXECUTOR_CORES;R06_DYNAMIC_SHUFFLE_TRACKING;R10_DYNAMIC_SCALE_RUNTIME,DIRECT_REAL_CASE_ADAPTATION,,True,OK,PASS,True,PASS,True,,,application_1790519959162_0372,False,,,,,,,True,20260930T101751Z_fe995b04,20260930T132312Z_62a763de,False,0.1.1,TRUE,TRUE,FALSE,,STRICT_PASS,
qwen,Qwen3.5-9B,C1_frozen_official_docs_v04,F_E10,E_dependency_interaction,R14_YARN_DEPLOY_MODE;R06_DYNAMIC_SHUFFLE_TRACKING;R10_DYNAMIC_SCALE_RUNTIME;R05_WAIT_COMPLETION,COMPOSITION_OF_REAL_CASE_RULES,,True,OK,PASS,True,PASS,True,,,application_1790519959162_0373,False,,,,,,,True,20260930T101751Z_fe995b04,20260930T132312Z_62a763de,False,0.1.1,TRUE,TRUE,FALSE,,STRICT_PASS,
qwen,Qwen3.5-9B,C1_frozen_official_docs_v04,F_E11,E_dependency_interaction,R04_YARN_QUEUE;R06_DYNAMIC_SHUFFLE_TRACKING;R10_DYNAMIC_SCALE_RUNTIME,COMPOSITION_OF_REAL_CASE_RULES,,True,OK,PASS,True,PASS,True,,,application_1790519959162_0374,False,,,,,,,True,20260930T101751Z_fe995b04,20260930T132312Z_62a763de,False,0.1.1,TRUE,TRUE,FALSE,,STRICT_PASS,
qwen,Qwen3.5-9B,C1_frozen_official_docs_v04,F_E12,E_dependency_interaction,R06_DYNAMIC_SHUFFLE_TRACKING;R10_DYNAMIC_SCALE_RUNTIME,DIRECT_REAL_CASE_ADAPTATION,,True,OK,PASS,True,PASS,True,,,application_1790519959162_0375,False,,,,,,,True,20260930T101751Z_fe995b04,20260930T132312Z_62a763de,False,0.1.1,TRUE,TRUE,FALSE,,STRICT_PASS,
qwen,Qwen3.5-9B,C1_frozen_official_docs_v04,F_E13,E_dependency_interaction,R12_EXECUTOR_CORES;R06_DYNAMIC_SHUFFLE_TRACKING;R10_DYNAMIC_SCALE_RUNTIME,DIRECT_REAL_CASE_ADAPTATION,,True,OK,PASS,True,PASS,True,,,application_1790519959162_0376,False,,,,,,,True,20260930T101751Z_fe995b04,20260930T132312Z_62a763de,False,0.1.1,TRUE,TRUE,FALSE,,STRICT_PASS,
qwen,Qwen3.5-9B,C1_frozen_official_docs_v04,F_E14,E_dependency_interaction,R11_DYNAMIC_INITIAL_PRECEDENCE;R01_EXECUTOR_MEMORY;R06_DYNAMIC_SHUFFLE_TRACKING,DIRECT_REAL_CASE_ADAPTATION,,True,OK,FAIL,False,,False,STATIC,MISSING_REQUIRED_SETTING,,True,True,,True,PASS,,application_1790519959162_0427,True,20260930T101751Z_fe995b04,20260930T132312Z_62a763de,False,0.1.1,FALSE,FALSE,FALSE,,STRICT_FAIL_NONCANDIDATE,
qwen,Qwen3.5-9B,C1_frozen_official_docs_v04,F_E15,E_dependency_interaction,R06_DYNAMIC_SHUFFLE_TRACKING;R10_DYNAMIC_SCALE_RUNTIME,DIRECT_REAL_CASE_ADAPTATION,,True,OK,PASS,True,PASS,True,,,application_1790519959162_0377,False,,,,,,,True,20260930T101751Z_fe995b04,20260930T132312Z_62a763de,False,0.1.1,TRUE,TRUE,FALSE,,STRICT_PASS,
qwen,Qwen3.5-9B,C1_frozen_official_docs_v04,F_F01,F_integrated,R14_YARN_DEPLOY_MODE;R13_EXECUTOR_INSTANCES;R12_EXECUTOR_CORES;R01_EXECUTOR_MEMORY;R05_WAIT_COMPLETION,DIRECT_REAL_CASE_ADAPTATION,,True,OK,PASS,True,PASS,True,,,application_1790519959162_0378,False,,,,,,,True,20260930T101751Z_fe995b04,20260930T132312Z_62a763de,False,0.1.1,TRUE,TRUE,FALSE,,STRICT_PASS,
qwen,Qwen3.5-9B,C1_frozen_official_docs_v04,F_F02,F_integrated,R07_CLIENT_DRIVER_MEMORY_PLACEMENT;R13_EXECUTOR_INSTANCES;R12_EXECUTOR_CORES;R01_EXECUTOR_MEMORY;R04_YARN_QUEUE;R14_YARN_DEPLOY_MODE,DIRECT_REAL_CASE_ADAPTATION,,True,OK,FAIL,False,,False,STATIC,UNKNOWN_SUBMIT_OPTION;MODEL_POSITIONAL_ARGUMENT_NOT_ALLOWED;MISSING_REQUIRED_SETTING,,True,True,,True,PASS,,application_1790519959162_0428,True,20260930T101751Z_fe995b04,20260930T132312Z_62a763de,False,0.1.1,FALSE,FALSE,FALSE,,STRICT_FAIL_NONCANDIDATE,
qwen,Qwen3.5-9B,C1_frozen_official_docs_v04,F_F03,F_integrated,R14_YARN_DEPLOY_MODE;R13_EXECUTOR_INSTANCES;R12_EXECUTOR_CORES;R01_EXECUTOR_MEMORY;R08_EXECUTOR_MEMORY_OVERHEAD;R05_WAIT_COMPLETION,DIRECT_REAL_CASE_ADAPTATION,,True,OK,PASS,True,PASS,True,,,application_1790519959162_0379,False,,,,,,,True,20260930T101751Z_fe995b04,20260930T132312Z_62a763de,False,0.1.1,TRUE,TRUE,FALSE,,STRICT_PASS,
qwen,Qwen3.5-9B,C1_frozen_official_docs_v04,F_F04,F_integrated,R14_YARN_DEPLOY_MODE;R01_EXECUTOR_MEMORY;R12_EXECUTOR_CORES;R06_DYNAMIC_SHUFFLE_TRACKING;R10_DYNAMIC_SCALE_RUNTIME;R05_WAIT_COMPLETION,DIRECT_REAL_CASE_ADAPTATION,,True,OK,FAIL,False,,False,STATIC,MISSING_REQUIRED_SETTING,,True,False,STATIC,False,,TASK_VALUE_MISMATCH,,False,20260930T101751Z_fe995b04,20260930T132312Z_62a763de,False,0.1.1,FALSE,FALSE,FALSE,,STRICT_FAIL_NONCANDIDATE,
qwen,Qwen3.5-9B,C1_frozen_official_docs_v04,F_F05,F_integrated,R03_CLI_OVER_DEFAULTS;R14_YARN_DEPLOY_MODE;R01_EXECUTOR_MEMORY;R13_EXECUTOR_INSTANCES;R12_EXECUTOR_CORES;R04_YARN_QUEUE;R05_WAIT_COMPLETION,COMPOSITION_OF_REAL_CASE_RULES,,True,OK,PASS,True,PASS,True,,,application_1790519959162_0380,False,,,,,,,True,20260930T101751Z_fe995b04,20260930T132312Z_62a763de,False,0.1.1,TRUE,TRUE,FALSE,,STRICT_PASS,
qwen,Qwen3.5-9B,C1_frozen_official_docs_v04,F_F06,F_integrated,R14_YARN_DEPLOY_MODE;R04_YARN_QUEUE;R13_EXECUTOR_INSTANCES;R12_EXECUTOR_CORES;R01_EXECUTOR_MEMORY;R05_WAIT_COMPLETION,DIRECT_REAL_CASE_ADAPTATION,,True,OK,FAIL,False,,False,STATIC,MISSING_REQUIRED_SETTING,,True,False,STATIC,False,,MISSING_REQUIRED_SETTING,,False,20260930T101751Z_fe995b04,20260930T132312Z_62a763de,False,0.1.1,FALSE,FALSE,FALSE,,STRICT_FAIL_NONCANDIDATE,
qwen,Qwen3.5-9B,C1_frozen_official_docs_v04,F_F07,F_integrated,R07_CLIENT_DRIVER_MEMORY_PLACEMENT;R13_EXECUTOR_INSTANCES;R12_EXECUTOR_CORES;R01_EXECUTOR_MEMORY;R04_YARN_QUEUE;R14_YARN_DEPLOY_MODE,DIRECT_REAL_CASE_ADAPTATION,,True,OK,PASS,True,PASS,True,,,application_1790519959162_0381,False,,,,,,,True,20260930T101751Z_fe995b04,20260930T132312Z_62a763de,False,0.1.1,TRUE,TRUE,FALSE,,STRICT_PASS,
qwen,Qwen3.5-9B,C1_frozen_official_docs_v04,F_F08,F_integrated,R14_YARN_DEPLOY_MODE;R04_YARN_QUEUE;R13_EXECUTOR_INSTANCES;R01_EXECUTOR_MEMORY;R08_EXECUTOR_MEMORY_OVERHEAD;R05_WAIT_COMPLETION,DIRECT_REAL_CASE_ADAPTATION,,True,OK,FAIL,False,,False,STATIC,MISSING_REQUIRED_SETTING,,True,False,STATIC,False,,TASK_VALUE_MISMATCH,,False,20260930T101751Z_fe995b04,20260930T132312Z_62a763de,False,0.1.1,FALSE,FALSE,FALSE,,STRICT_FAIL_NONCANDIDATE,
qwen,Qwen3.5-9B,C1_frozen_official_docs_v04,F_F09,F_integrated,R14_YARN_DEPLOY_MODE;R04_YARN_QUEUE;R11_DYNAMIC_INITIAL_PRECEDENCE;R06_DYNAMIC_SHUFFLE_TRACKING,DIRECT_REAL_CASE_ADAPTATION,,True,OK,FAIL,False,,False,STATIC,MISSING_REQUIRED_SETTING;MISSING_REQUIRED_SETTING,,True,True,,True,PASS,,application_1790519959162_0429,True,20260930T101751Z_fe995b04,20260930T132312Z_62a763de,False,0.1.1,FALSE,FALSE,FALSE,,STRICT_FAIL_NONCANDIDATE,
qwen,Qwen3.5-9B,C1_frozen_official_docs_v04,F_F10,F_integrated,R03_CLI_OVER_DEFAULTS;R14_YARN_DEPLOY_MODE;R01_EXECUTOR_MEMORY;R12_EXECUTOR_CORES;R13_EXECUTOR_INSTANCES;R05_WAIT_COMPLETION,COMPOSITION_OF_REAL_CASE_RULES,,True,OK,PASS,True,PASS,True,,,application_1790519959162_0382,False,,,,,,,True,20260930T101751Z_fe995b04,20260930T132312Z_62a763de,False,0.1.1,TRUE,TRUE,FALSE,,STRICT_PASS,
qwen,Qwen3.5-9B,C1_frozen_official_docs_v04,F_F11,F_integrated,R14_YARN_DEPLOY_MODE;R04_YARN_QUEUE;R06_DYNAMIC_SHUFFLE_TRACKING;R10_DYNAMIC_SCALE_RUNTIME;R05_WAIT_COMPLETION,COMPOSITION_OF_REAL_CASE_RULES,,True,OK,FAIL,False,,False,STATIC,MISSING_REQUIRED_SETTING,,True,True,,True,PASS,,application_1790519959162_0430,True,20260930T101751Z_fe995b04,20260930T132312Z_62a763de,False,0.1.1,FALSE,FALSE,FALSE,,STRICT_FAIL_NONCANDIDATE,
qwen,Qwen3.5-9B,C1_frozen_official_docs_v04,F_F12,F_integrated,R07_CLIENT_DRIVER_MEMORY_PLACEMENT;R13_EXECUTOR_INSTANCES;R12_EXECUTOR_CORES;R01_EXECUTOR_MEMORY;R04_YARN_QUEUE;R14_YARN_DEPLOY_MODE,DIRECT_REAL_CASE_ADAPTATION,,True,OK,FAIL,False,,False,STATIC,UNKNOWN_SUBMIT_OPTION;MODEL_POSITIONAL_ARGUMENT_NOT_ALLOWED;MISSING_REQUIRED_SETTING,,True,True,,True,PASS,,application_1790519959162_0431,True,20260930T101751Z_fe995b04,20260930T132312Z_62a763de,False,0.1.1,FALSE,FALSE,FALSE,,STRICT_FAIL_NONCANDIDATE,
qwen,Qwen3.5-9B,C1_frozen_official_docs_v04,F_F13,F_integrated,R14_YARN_DEPLOY_MODE;R04_YARN_QUEUE;R13_EXECUTOR_INSTANCES;R12_EXECUTOR_CORES;R01_EXECUTOR_MEMORY;R08_EXECUTOR_MEMORY_OVERHEAD;R05_WAIT_COMPLETION,DIRECT_REAL_CASE_ADAPTATION,,True,OK,PASS,True,PASS,True,,,application_1790519959162_0383,False,,,,,,,True,20260930T101751Z_fe995b04,20260930T132312Z_62a763de,False,0.1.1,TRUE,TRUE,FALSE,,STRICT_PASS,
qwen,Qwen3.5-9B,C1_frozen_official_docs_v04,F_F14,F_integrated,R14_YARN_DEPLOY_MODE;R04_YARN_QUEUE;R13_EXECUTOR_INSTANCES;R12_EXECUTOR_CORES;R01_EXECUTOR_MEMORY;R05_WAIT_COMPLETION,DIRECT_REAL_CASE_ADAPTATION,,True,OK,FAIL,False,,False,STATIC,MISSING_REQUIRED_SETTING,,True,True,,True,PASS,,application_1790519959162_0432,True,20260930T101751Z_fe995b04,20260930T132312Z_62a763de,False,0.1.1,FALSE,FALSE,FALSE,,STRICT_FAIL_NONCANDIDATE,
qwen,Qwen3.5-9B,C1_frozen_official_docs_v04,F_F15,F_integrated,R14_YARN_DEPLOY_MODE;R04_YARN_QUEUE;R01_EXECUTOR_MEMORY;R12_EXECUTOR_CORES;R06_DYNAMIC_SHUFFLE_TRACKING;R10_DYNAMIC_SCALE_RUNTIME,COMPOSITION_OF_REAL_CASE_RULES,,True,OK,FAIL,False,,False,STATIC,MISSING_REQUIRED_SETTING,,True,True,,True,PASS,,application_1790519959162_0433,True,20260930T101751Z_fe995b04,20260930T132312Z_62a763de,False,0.1.1,FALSE,FALSE,FALSE,,STRICT_FAIL_NONCANDIDATE,
deepseek,DeepSeek Flash,C0_closed_book,F_A01,A_resource,R01_EXECUTOR_MEMORY,DIRECT_REAL_CASE_ADAPTATION,,True,OK,PASS,True,PASS,True,,,application_1790519959162_0434,False,,,,,,,True,20260930T154824Z_58fc84cb,20261001T020000Z_20d6f564,False,0.1.1,TRUE,TRUE,FALSE,,STRICT_PASS,
deepseek,DeepSeek Flash,C0_closed_book,F_A02,A_resource,R01_EXECUTOR_MEMORY,DIRECT_REAL_CASE_ADAPTATION,,True,OK,PASS,True,PASS,True,,,application_1790519959162_0435,False,,,,,,,True,20260930T154824Z_58fc84cb,20261001T020000Z_20d6f564,False,0.1.1,TRUE,TRUE,FALSE,,STRICT_PASS,
deepseek,DeepSeek Flash,C0_closed_book,F_A03,A_resource,R12_EXECUTOR_CORES,DIRECT_REAL_CASE_ADAPTATION,,True,OK,PASS,True,PASS,True,,,application_1790519959162_0436,False,,,,,,,True,20260930T154824Z_58fc84cb,20261001T020000Z_20d6f564,False,0.1.1,TRUE,TRUE,FALSE,,STRICT_PASS,
deepseek,DeepSeek Flash,C0_closed_book,F_A04,A_resource,R13_EXECUTOR_INSTANCES,DIRECT_REAL_CASE_ADAPTATION,,True,OK,FAIL,False,,False,STATIC,UNAUTHORIZED_SETTING;UNAUTHORIZED_SETTING,,True,True,,True,PASS,,application_1790519959162_0578,True,20260930T154824Z_58fc84cb,20261001T020000Z_20d6f564,False,0.1.1,FALSE,TRUE,TRUE,BY006,BENIGN,"[{""key"":""spark.master"",""value"":""yarn"",""decision"":""BENIGN"",""reason_code"":""B_ENVIRONMENT_RESTATEMENT"",""rationale"":""The task is explicitly framed for YARN and the benchmark execution environment is YARN; '--master yarn' restates that frozen environment without changing any task-required value/source.""},{""key"":""spark.submit.deployMode"",""value"":""cluster"",""decision"":""BENIGN"",""reason_code"":""B_ENVIRONMENT_RESTATEMENT"",""rationale"":""The formal execution harness uses YARN cluster mode; explicit '--deploy-mode cluster' restates the frozen execution environment for a task that does not itself test deploy mode.""}]"
deepseek,DeepSeek Flash,C0_closed_book,F_A05,A_resource,R01_EXECUTOR_MEMORY;R08_EXECUTOR_MEMORY_OVERHEAD,DIRECT_REAL_CASE_ADAPTATION,,True,OK,PASS,True,PASS,True,,,application_1790519959162_0437,False,,,,,,,True,20260930T154824Z_58fc84cb,20261001T020000Z_20d6f564,False,0.1.1,TRUE,TRUE,FALSE,,STRICT_PASS,
deepseek,DeepSeek Flash,C0_closed_book,F_A06,A_resource,R13_EXECUTOR_INSTANCES;R01_EXECUTOR_MEMORY;R08_EXECUTOR_MEMORY_OVERHEAD,DIRECT_REAL_CASE_ADAPTATION,,True,OK,FAIL,False,,False,STATIC,UNAUTHORIZED_SETTING;UNAUTHORIZED_SETTING;UNAUTHORIZED_SETTING,,True,True,,True,PASS,,application_1790519959162_0579,True,20260930T154824Z_58fc84cb,20261001T020000Z_20d6f564,False,0.1.1,FALSE,TRUE,TRUE,BY063,BENIGN,"[{""key"":""spark.executor.cores"",""value"":""1"",""decision"":""BENIGN"",""reason_code"":""B_DUPLICATE_EQUIVALENT"",""rationale"":""Spark 3.5.9 uses 1 executor core by default on YARN; the task does not constrain cores, so explicitly setting 1 duplicates the default behavior.""},{""key"":""spark.master"",""value"":""yarn"",""decision"":""BENIGN"",""reason_code"":""B_ENVIRONMENT_RESTATEMENT"",""rationale"":""The task is explicitly framed for YARN and the benchmark execution environment is YARN; '--master yarn' restates that frozen environment without changing any task-required value/source.""},{""key"":""spark.submit.deployMode"",""value"":""cluster"",""decision"":""BENIGN"",""reason_code"":""B_ENVIRONMENT_RESTATEMENT"",""rationale"":""The formal execution harness uses YARN cluster mode; explicit '--deploy-mode cluster' restates the frozen execution environment for a task that does not itself test deploy mode.""}]"
deepseek,DeepSeek Flash,C0_closed_book,F_A07,A_resource,R13_EXECUTOR_INSTANCES;R12_EXECUTOR_CORES,DIRECT_REAL_CASE_ADAPTATION,,True,OK,FAIL,False,,False,STATIC,UNAUTHORIZED_SETTING;UNAUTHORIZED_SETTING,,True,True,,True,PASS,,application_1790519959162_0580,True,20260930T154824Z_58fc84cb,20261001T020000Z_20d6f564,False,0.1.1,FALSE,TRUE,TRUE,BY009,BENIGN,"[{""key"":""spark.master"",""value"":""yarn"",""decision"":""BENIGN"",""reason_code"":""B_ENVIRONMENT_RESTATEMENT"",""rationale"":""The task is explicitly framed for YARN and the benchmark execution environment is YARN; '--master yarn' restates that frozen environment without changing any task-required value/source.""},{""key"":""spark.submit.deployMode"",""value"":""cluster"",""decision"":""BENIGN"",""reason_code"":""B_ENVIRONMENT_RESTATEMENT"",""rationale"":""The formal execution harness uses YARN cluster mode; explicit '--deploy-mode cluster' restates the frozen execution environment for a task that does not itself test deploy mode.""}]"
deepseek,DeepSeek Flash,C0_closed_book,F_A08,A_resource,R13_EXECUTOR_INSTANCES;R01_EXECUTOR_MEMORY,DIRECT_REAL_CASE_ADAPTATION,,True,OK,PASS,True,PASS,True,,,application_1790519959162_0438,False,,,,,,,True,20260930T154824Z_58fc84cb,20261001T020000Z_20d6f564,False,0.1.1,TRUE,TRUE,FALSE,,STRICT_PASS,
deepseek,DeepSeek Flash,C0_closed_book,F_A09,A_resource,R13_EXECUTOR_INSTANCES;R12_EXECUTOR_CORES;R01_EXECUTOR_MEMORY,DIRECT_REAL_CASE_ADAPTATION,,True,OK,FAIL,False,,False,STATIC,UNAUTHORIZED_SETTING;UNAUTHORIZED_SETTING,,True,True,,True,PASS,,application_1790519959162_0581,True,20260930T154824Z_58fc84cb,20261001T020000Z_20d6f564,False,0.1.1,FALSE,FALSE,FALSE,BY065,HARMFUL,"[{""key"":""spark.master"",""value"":""yarn"",""decision"":""BENIGN"",""reason_code"":""B_ENVIRONMENT_RESTATEMENT"",""rationale"":""The task is explicitly framed for YARN and the benchmark execution environment is YARN; '--master yarn' restates that frozen environment without changing any task-required value/source.""},{""key"":""spark.submit.deployMode"",""value"":""client"",""decision"":""HARMFUL"",""reason_code"":""H_DEPLOYMENT_SEMANTICS"",""rationale"":""Client mode changes driver placement and YARN deployment semantics relative to the frozen cluster-mode execution environment; it is not behaviorally inert.""}]"
deepseek,DeepSeek Flash,C0_closed_book,F_A10,A_resource,R13_EXECUTOR_INSTANCES;R12_EXECUTOR_CORES;R01_EXECUTOR_MEMORY;R08_EXECUTOR_MEMORY_OVERHEAD,DIRECT_REAL_CASE_ADAPTATION,,True,OK,PASS,True,PASS,True,,,application_1790519959162_0439,False,,,,,,,True,20260930T154824Z_58fc84cb,20261001T020000Z_20d6f564,False,0.1.1,TRUE,TRUE,FALSE,,STRICT_PASS,
deepseek,DeepSeek Flash,C0_closed_book,F_A11,A_resource,R13_EXECUTOR_INSTANCES;R12_EXECUTOR_CORES,DIRECT_REAL_CASE_ADAPTATION,,True,OK,FAIL,False,,False,STATIC,UNAUTHORIZED_SETTING;UNAUTHORIZED_SETTING,,True,True,,True,PASS,,application_1790519959162_0582,True,20260930T154824Z_58fc84cb,20261001T020000Z_20d6f564,False,0.1.1,FALSE,TRUE,TRUE,BY064,BENIGN,"[{""key"":""spark.master"",""value"":""yarn"",""decision"":""BENIGN"",""reason_code"":""B_ENVIRONMENT_RESTATEMENT"",""rationale"":""The task is explicitly framed for YARN and the benchmark execution environment is YARN; '--master yarn' restates that frozen environment without changing any task-required value/source.""},{""key"":""spark.submit.deployMode"",""value"":""cluster"",""decision"":""BENIGN"",""reason_code"":""B_ENVIRONMENT_RESTATEMENT"",""rationale"":""The formal execution harness uses YARN cluster mode; explicit '--deploy-mode cluster' restates the frozen execution environment for a task that does not itself test deploy mode.""}]"
deepseek,DeepSeek Flash,C0_closed_book,F_A12,A_resource,R01_EXECUTOR_MEMORY;R08_EXECUTOR_MEMORY_OVERHEAD,DIRECT_REAL_CASE_ADAPTATION,,True,OK,PASS,True,PASS,True,,,application_1790519959162_0440,False,,,,,,,True,20260930T154824Z_58fc84cb,20261001T020000Z_20d6f564,False,0.1.1,TRUE,TRUE,FALSE,,STRICT_PASS,
deepseek,DeepSeek Flash,C0_closed_book,F_A13,A_resource,R13_EXECUTOR_INSTANCES;R12_EXECUTOR_CORES,DIRECT_REAL_CASE_ADAPTATION,,True,OK,PASS,True,PASS,True,,,application_1790519959162_0441,False,,,,,,,True,20260930T154824Z_58fc84cb,20261001T020000Z_20d6f564,False,0.1.1,TRUE,TRUE,FALSE,,STRICT_PASS,
deepseek,DeepSeek Flash,C0_closed_book,F_A14,A_resource,R13_EXECUTOR_INSTANCES;R12_EXECUTOR_CORES;R01_EXECUTOR_MEMORY;R08_EXECUTOR_MEMORY_OVERHEAD,DIRECT_REAL_CASE_ADAPTATION,,True,OK,FAIL,False,,False,STATIC,UNAUTHORIZED_SETTING;UNAUTHORIZED_SETTING,,True,True,,True,PASS,,application_1790519959162_0583,True,20260930T154824Z_58fc84cb,20261001T020000Z_20d6f564,False,0.1.1,FALSE,TRUE,TRUE,BY025,BENIGN,"[{""key"":""spark.master"",""value"":""yarn"",""decision"":""BENIGN"",""reason_code"":""B_ENVIRONMENT_RESTATEMENT"",""rationale"":""The task is explicitly framed for YARN and the benchmark execution environment is YARN; '--master yarn' restates that frozen environment without changing any task-required value/source.""},{""key"":""spark.submit.deployMode"",""value"":""cluster"",""decision"":""BENIGN"",""reason_code"":""B_ENVIRONMENT_RESTATEMENT"",""rationale"":""The formal execution harness uses YARN cluster mode; explicit '--deploy-mode cluster' restates the frozen execution environment for a task that does not itself test deploy mode.""}]"
deepseek,DeepSeek Flash,C0_closed_book,F_A15,A_resource,R13_EXECUTOR_INSTANCES;R12_EXECUTOR_CORES;R01_EXECUTOR_MEMORY,DIRECT_REAL_CASE_ADAPTATION,,True,OK,FAIL,False,,False,STATIC,UNAUTHORIZED_SETTING;UNAUTHORIZED_SETTING,,True,True,,True,PASS,,application_1790519959162_0584,True,20260930T154824Z_58fc84cb,20261001T020000Z_20d6f564,False,0.1.1,FALSE,TRUE,TRUE,BY041,BENIGN,"[{""key"":""spark.master"",""value"":""yarn"",""decision"":""BENIGN"",""reason_code"":""B_ENVIRONMENT_RESTATEMENT"",""rationale"":""The task is explicitly framed for YARN and the benchmark execution environment is YARN; '--master yarn' restates that frozen environment without changing any task-required value/source.""},{""key"":""spark.submit.deployMode"",""value"":""cluster"",""decision"":""BENIGN"",""reason_code"":""B_ENVIRONMENT_RESTATEMENT"",""rationale"":""The formal execution harness uses YARN cluster mode; explicit '--deploy-mode cluster' restates the frozen execution environment for a task that does not itself test deploy mode.""}]"
deepseek,DeepSeek Flash,C0_closed_book,F_B01,B_driver_executor,R07_CLIENT_DRIVER_MEMORY_PLACEMENT;R01_EXECUTOR_MEMORY;R14_YARN_DEPLOY_MODE,DIRECT_REAL_CASE_ADAPTATION,,True,OK,PASS,True,PASS,True,,,application_1790519959162_0442,False,,,,,,,True,20260930T154824Z_58fc84cb,20261001T020000Z_20d6f564,False,0.1.1,TRUE,TRUE,FALSE,,STRICT_PASS,
deepseek,DeepSeek Flash,C0_closed_book,F_B02,B_driver_executor,R07_CLIENT_DRIVER_MEMORY_PLACEMENT;R13_EXECUTOR_INSTANCES;R12_EXECUTOR_CORES;R01_EXECUTOR_MEMORY;R14_YARN_DEPLOY_MODE,DIRECT_REAL_CASE_ADAPTATION,,True,OK,PASS,True,PASS,True,,,application_1790519959162_0443,False,,,,,,,True,20260930T154824Z_58fc84cb,20261001T020000Z_20d6f564,False,0.1.1,TRUE,TRUE,FALSE,,STRICT_PASS,
deepseek,DeepSeek Flash,C0_closed_book,F_B03,B_driver_executor,R07_CLIENT_DRIVER_MEMORY_PLACEMENT;R13_EXECUTOR_INSTANCES;R12_EXECUTOR_CORES;R01_EXECUTOR_MEMORY;R14_YARN_DEPLOY_MODE,DIRECT_REAL_CASE_ADAPTATION,,True,OK,PASS,True,PASS,True,,,application_1790519959162_0444,False,,,,,,,True,20260930T154824Z_58fc84cb,20261001T020000Z_20d6f564,False,0.1.1,TRUE,TRUE,FALSE,,STRICT_PASS,
deepseek,DeepSeek Flash,C0_closed_book,F_B04,B_driver_executor,R07_CLIENT_DRIVER_MEMORY_PLACEMENT;R13_EXECUTOR_INSTANCES;R12_EXECUTOR_CORES;R01_EXECUTOR_MEMORY;R14_YARN_DEPLOY_MODE,DIRECT_REAL_CASE_ADAPTATION,,True,OK,PASS,True,PASS,True,,,application_1790519959162_0445,False,,,,,,,True,20260930T154824Z_58fc84cb,20261001T020000Z_20d6f564,False,0.1.1,TRUE,TRUE,FALSE,,STRICT_PASS,
deepseek,DeepSeek Flash,C0_closed_book,F_B05,B_driver_executor,R07_CLIENT_DRIVER_MEMORY_PLACEMENT;R13_EXECUTOR_INSTANCES;R12_EXECUTOR_CORES;R01_EXECUTOR_MEMORY;R14_YARN_DEPLOY_MODE,DIRECT_REAL_CASE_ADAPTATION,,True,OK,PASS,True,PASS,True,,,application_1790519959162_0446,False,,,,,,,True,20260930T154824Z_58fc84cb,20261001T020000Z_20d6f564,False,0.1.1,TRUE,TRUE,FALSE,,STRICT_PASS,
deepseek,DeepSeek Flash,C0_closed_book,F_B06,B_driver_executor,R07_CLIENT_DRIVER_MEMORY_PLACEMENT;R13_EXECUTOR_INSTANCES;R12_EXECUTOR_CORES;R01_EXECUTOR_MEMORY;R14_YARN_DEPLOY_MODE,DIRECT_REAL_CASE_ADAPTATION,,True,OK,PASS,True,PASS,True,,,application_1790519959162_0447,False,,,,,,,True,20260930T154824Z_58fc84cb,20261001T020000Z_20d6f564,False,0.1.1,TRUE,TRUE,FALSE,,STRICT_PASS,
deepseek,DeepSeek Flash,C0_closed_book,F_B07,B_driver_executor,R07_CLIENT_DRIVER_MEMORY_PLACEMENT;R13_EXECUTOR_INSTANCES;R12_EXECUTOR_CORES;R01_EXECUTOR_MEMORY;R14_YARN_DEPLOY_MODE,DIRECT_REAL_CASE_ADAPTATION,,True,OK,PASS,True,PASS,True,,,application_1790519959162_0448,False,,,,,,,True,20260930T154824Z_58fc84cb,20261001T020000Z_20d6f564,False,0.1.1,TRUE,TRUE,FALSE,,STRICT_PASS,
deepseek,DeepSeek Flash,C0_closed_book,F_B08,B_driver_executor,R14_YARN_DEPLOY_MODE;R13_EXECUTOR_INSTANCES;R12_EXECUTOR_CORES;R01_EXECUTOR_MEMORY,DIRECT_REAL_CASE_ADAPTATION,,True,OK,PASS,True,PASS,True,,,application_1790519959162_0449,False,,,,,,,True,20260930T154824Z_58fc84cb,20261001T020000Z_20d6f564,False,0.1.1,TRUE,TRUE,FALSE,,STRICT_PASS,
deepseek,DeepSeek Flash,C0_closed_book,F_B09,B_driver_executor,R14_YARN_DEPLOY_MODE;R13_EXECUTOR_INSTANCES;R12_EXECUTOR_CORES;R01_EXECUTOR_MEMORY,DIRECT_REAL_CASE_ADAPTATION,,True,OK,PASS,True,PASS,True,,,application_1790519959162_0450,False,,,,,,,True,20260930T154824Z_58fc84cb,20261001T020000Z_20d6f564,False,0.1.1,TRUE,TRUE,FALSE,,STRICT_PASS,
deepseek,DeepSeek Flash,C0_closed_book,F_B10,B_driver_executor,R07_CLIENT_DRIVER_MEMORY_PLACEMENT;R13_EXECUTOR_INSTANCES;R12_EXECUTOR_CORES;R01_EXECUTOR_MEMORY;R04_YARN_QUEUE;R14_YARN_DEPLOY_MODE,DIRECT_REAL_CASE_ADAPTATION,,True,OK,PASS,True,PASS,True,,,application_1790519959162_0451,False,,,,,,,True,20260930T154824Z_58fc84cb,20261001T020000Z_20d6f564,False,0.1.1,TRUE,TRUE,FALSE,,STRICT_PASS,
deepseek,DeepSeek Flash,C0_closed_book,F_B11,B_driver_executor,R07_CLIENT_DRIVER_MEMORY_PLACEMENT;R13_EXECUTOR_INSTANCES;R12_EXECUTOR_CORES;R01_EXECUTOR_MEMORY;R14_YARN_DEPLOY_MODE,DIRECT_REAL_CASE_ADAPTATION,,True,OK,PASS,True,PASS,True,,,application_1790519959162_0452,False,,,,,,,True,20260930T154824Z_58fc84cb,20261001T020000Z_20d6f564,False,0.1.1,TRUE,TRUE,FALSE,,STRICT_PASS,
deepseek,DeepSeek Flash,C0_closed_book,F_B12,B_driver_executor,R14_YARN_DEPLOY_MODE;R13_EXECUTOR_INSTANCES;R12_EXECUTOR_CORES;R01_EXECUTOR_MEMORY,DIRECT_REAL_CASE_ADAPTATION,,True,OK,PASS,True,PASS,True,,,application_1790519959162_0453,False,,,,,,,True,20260930T154824Z_58fc84cb,20261001T020000Z_20d6f564,False,0.1.1,TRUE,TRUE,FALSE,,STRICT_PASS,
deepseek,DeepSeek Flash,C0_closed_book,F_B13,B_driver_executor,R14_YARN_DEPLOY_MODE;R13_EXECUTOR_INSTANCES;R12_EXECUTOR_CORES;R01_EXECUTOR_MEMORY,DIRECT_REAL_CASE_ADAPTATION,,True,OK,PASS,True,PASS,True,,,application_1790519959162_0454,False,,,,,,,True,20260930T154824Z_58fc84cb,20261001T020000Z_20d6f564,False,0.1.1,TRUE,TRUE,FALSE,,STRICT_PASS,
deepseek,DeepSeek Flash,C0_closed_book,F_B14,B_driver_executor,R07_CLIENT_DRIVER_MEMORY_PLACEMENT;R13_EXECUTOR_INSTANCES;R12_EXECUTOR_CORES;R01_EXECUTOR_MEMORY;R14_YARN_DEPLOY_MODE,DIRECT_REAL_CASE_ADAPTATION,,True,OK,PASS,True,PASS,True,,,application_1790519959162_0455,False,,,,,,,True,20260930T154824Z_58fc84cb,20261001T020000Z_20d6f564,False,0.1.1,TRUE,TRUE,FALSE,,STRICT_PASS,
deepseek,DeepSeek Flash,C0_closed_book,F_B15,B_driver_executor,R14_YARN_DEPLOY_MODE;R13_EXECUTOR_INSTANCES;R12_EXECUTOR_CORES;R01_EXECUTOR_MEMORY,DIRECT_REAL_CASE_ADAPTATION,,True,OK,PASS,True,PASS,True,,,application_1790519959162_0456,False,,,,,,,True,20260930T154824Z_58fc84cb,20261001T020000Z_20d6f564,False,0.1.1,TRUE,TRUE,FALSE,,STRICT_PASS,
deepseek,DeepSeek Flash,C0_closed_book,F_C01,C_yarn_deploy,R14_YARN_DEPLOY_MODE;R04_YARN_QUEUE,DIRECT_REAL_CASE_ADAPTATION,,True,OK,PASS,True,PASS,True,,,application_1790519959162_0457,False,,,,,,,True,20260930T154824Z_58fc84cb,20261001T020000Z_20d6f564,False,0.1.1,TRUE,TRUE,FALSE,,STRICT_PASS,
deepseek,DeepSeek Flash,C0_closed_book,F_C02,C_yarn_deploy,R14_YARN_DEPLOY_MODE;R04_YARN_QUEUE,DIRECT_REAL_CASE_ADAPTATION,,True,OK,PASS,True,PASS,True,,,application_1790519959162_0458,False,,,,,,,True,20260930T154824Z_58fc84cb,20261001T020000Z_20d6f564,False,0.1.1,TRUE,TRUE,FALSE,,STRICT_PASS,
deepseek,DeepSeek Flash,C0_closed_book,F_C03,C_yarn_deploy,R14_YARN_DEPLOY_MODE;R04_YARN_QUEUE;R05_WAIT_COMPLETION,DIRECT_REAL_CASE_ADAPTATION,,True,OK,PASS,True,PASS,True,,,application_1790519959162_0459,False,,,,,,,True,20260930T154824Z_58fc84cb,20261001T020000Z_20d6f564,False,0.1.1,TRUE,TRUE,FALSE,,STRICT_PASS,
deepseek,DeepSeek Flash,C0_closed_book,F_C04,C_yarn_deploy,R14_YARN_DEPLOY_MODE;R05_WAIT_COMPLETION,DIRECT_REAL_CASE_ADAPTATION,,True,OK,PASS,True,PASS,True,,,application_1790519959162_0460,False,,,,,,,True,20260930T154824Z_58fc84cb,20261001T020000Z_20d6f564,False,0.1.1,TRUE,TRUE,FALSE,,STRICT_PASS,
deepseek,DeepSeek Flash,C0_closed_book,F_C05,C_yarn_deploy,R14_YARN_DEPLOY_MODE;R04_YARN_QUEUE;R01_EXECUTOR_MEMORY;R05_WAIT_COMPLETION,DIRECT_REAL_CASE_ADAPTATION,,True,OK,PASS,True,PASS,True,,,application_1790519959162_0461,False,,,,,,,True,20260930T154824Z_58fc84cb,20261001T020000Z_20d6f564,False,0.1.1,TRUE,TRUE,FALSE,,STRICT_PASS,
deepseek,DeepSeek Flash,C0_closed_book,F_C06,C_yarn_deploy,R14_YARN_DEPLOY_MODE;R13_EXECUTOR_INSTANCES;R01_EXECUTOR_MEMORY,DIRECT_REAL_CASE_ADAPTATION,,True,OK,PASS,True,PASS,True,,,application_1790519959162_0462,False,,,,,,,True,20260930T154824Z_58fc84cb,20261001T020000Z_20d6f564,False,0.1.1,TRUE,TRUE,FALSE,,STRICT_PASS,
deepseek,DeepSeek Flash,C0_closed_book,F_C07,C_yarn_deploy,R14_YARN_DEPLOY_MODE;R13_EXECUTOR_INSTANCES;R12_EXECUTOR_CORES,DIRECT_REAL_CASE_ADAPTATION,,True,OK,PASS,True,PASS,True,,,application_1790519959162_0463,False,,,,,,,True,20260930T154824Z_58fc84cb,20261001T020000Z_20d6f564,False,0.1.1,TRUE,TRUE,FALSE,,STRICT_PASS,
deepseek,DeepSeek Flash,C0_closed_book,F_C08,C_yarn_deploy,R14_YARN_DEPLOY_MODE;R13_EXECUTOR_INSTANCES;R01_EXECUTOR_MEMORY;R05_WAIT_COMPLETION,DIRECT_REAL_CASE_ADAPTATION,,True,OK,FAIL,False,,False,STATIC,MISSING_REQUIRED_SETTING,,True,True,,True,PASS,,application_1790519959162_0585,True,20260930T154824Z_58fc84cb,20261001T020000Z_20d6f564,False,0.1.1,FALSE,FALSE,FALSE,,STRICT_FAIL_NONCANDIDATE,
deepseek,DeepSeek Flash,C0_closed_book,F_C09,C_yarn_deploy,R14_YARN_DEPLOY_MODE;R13_EXECUTOR_INSTANCES;R01_EXECUTOR_MEMORY;R05_WAIT_COMPLETION,DIRECT_REAL_CASE_ADAPTATION,,True,OK,FAIL,False,,False,STATIC,MISSING_REQUIRED_SETTING,,True,True,,True,PASS,,application_1790519959162_0586,True,20260930T154824Z_58fc84cb,20261001T020000Z_20d6f564,False,0.1.1,FALSE,FALSE,FALSE,,STRICT_FAIL_NONCANDIDATE,
deepseek,DeepSeek Flash,C0_closed_book,F_C10,C_yarn_deploy,R14_YARN_DEPLOY_MODE;R04_YARN_QUEUE;R13_EXECUTOR_INSTANCES;R12_EXECUTOR_CORES,DIRECT_REAL_CASE_ADAPTATION,,True,OK,PASS,True,PASS,True,,,application_1790519959162_0464,False,,,,,,,True,20260930T154824Z_58fc84cb,20261001T020000Z_20d6f564,False,0.1.1,TRUE,TRUE,FALSE,,STRICT_PASS,
deepseek,DeepSeek Flash,C0_closed_book,F_C11,C_yarn_deploy,R14_YARN_DEPLOY_MODE;R04_YARN_QUEUE;R13_EXECUTOR_INSTANCES;R12_EXECUTOR_CORES,DIRECT_REAL_CASE_ADAPTATION,,True,OK,PASS,True,PASS,True,,,application_1790519959162_0465,False,,,,,,,True,20260930T154824Z_58fc84cb,20261001T020000Z_20d6f564,False,0.1.1,TRUE,TRUE,FALSE,,STRICT_PASS,
deepseek,DeepSeek Flash,C0_closed_book,F_C12,C_yarn_deploy,R14_YARN_DEPLOY_MODE;R13_EXECUTOR_INSTANCES;R12_EXECUTOR_CORES,DIRECT_REAL_CASE_ADAPTATION,,True,OK,PASS,True,PASS,True,,,application_1790519959162_0466,False,,,,,,,True,20260930T154824Z_58fc84cb,20261001T020000Z_20d6f564,False,0.1.1,TRUE,TRUE,FALSE,,STRICT_PASS,
deepseek,DeepSeek Flash,C0_closed_book,F_C13,C_yarn_deploy,R14_YARN_DEPLOY_MODE;R13_EXECUTOR_INSTANCES;R12_EXECUTOR_CORES;R05_WAIT_COMPLETION,DIRECT_REAL_CASE_ADAPTATION,,True,OK,PASS,True,PASS,True,,,application_1790519959162_0467,False,,,,,,,True,20260930T154824Z_58fc84cb,20261001T020000Z_20d6f564,False,0.1.1,TRUE,TRUE,FALSE,,STRICT_PASS,
deepseek,DeepSeek Flash,C0_closed_book,F_C14,C_yarn_deploy,R14_YARN_DEPLOY_MODE;R13_EXECUTOR_INSTANCES;R12_EXECUTOR_CORES;R05_WAIT_COMPLETION,DIRECT_REAL_CASE_ADAPTATION,,True,OK,FAIL,False,,False,STATIC,MISSING_REQUIRED_SETTING,,True,True,,True,PASS,,application_1790519959162_0587,True,20260930T154824Z_58fc84cb,20261001T020000Z_20d6f564,False,0.1.1,FALSE,FALSE,FALSE,,STRICT_FAIL_NONCANDIDATE,
deepseek,DeepSeek Flash,C0_closed_book,F_C15,C_yarn_deploy,R14_YARN_DEPLOY_MODE;R04_YARN_QUEUE;R13_EXECUTOR_INSTANCES;R01_EXECUTOR_MEMORY,DIRECT_REAL_CASE_ADAPTATION,,True,OK,FAIL,False,,False,STATIC,MISSING_REQUIRED_SETTING,,True,True,,True,PASS,,application_1790519959162_0588,True,20260930T154824Z_58fc84cb,20261001T020000Z_20d6f564,False,0.1.1,FALSE,FALSE,FALSE,,STRICT_FAIL_NONCANDIDATE,
deepseek,DeepSeek Flash,C0_closed_book,F_D01,D_source_precedence,R02_SPARK_DEFAULTS_SOURCE;R01_EXECUTOR_MEMORY,DIRECT_REAL_CASE_ADAPTATION,,True,OK,PASS,True,PASS,True,,,application_1790519959162_0468,False,,,,,,,True,20260930T154824Z_58fc84cb,20261001T020000Z_20d6f564,False,0.1.1,TRUE,TRUE,FALSE,,STRICT_PASS,
deepseek,DeepSeek Flash,C0_closed_book,F_D02,D_source_precedence,R02_SPARK_DEFAULTS_SOURCE;R12_EXECUTOR_CORES,DIRECT_REAL_CASE_ADAPTATION,,True,OK,PASS,True,PASS,True,,,application_1790519959162_0469,False,,,,,,,True,20260930T154824Z_58fc84cb,20261001T020000Z_20d6f564,False,0.1.1,TRUE,TRUE,FALSE,,STRICT_PASS,
deepseek,DeepSeek Flash,C0_closed_book,F_D03,D_source_precedence,R02_SPARK_DEFAULTS_SOURCE;R01_EXECUTOR_MEMORY;R12_EXECUTOR_CORES,DIRECT_REAL_CASE_ADAPTATION,,True,OK,PASS,True,PASS,True,,,application_1790519959162_0470,False,,,,,,,True,20260930T154824Z_58fc84cb,20261001T020000Z_20d6f564,False,0.1.1,TRUE,TRUE,FALSE,,STRICT_PASS,
deepseek,DeepSeek Flash,C0_closed_book,F_D04,D_source_precedence,R03_CLI_OVER_DEFAULTS;R01_EXECUTOR_MEMORY,DIRECT_REAL_CASE_ADAPTATION,,True,OK,PASS,True,PASS,True,,,application_1790519959162_0471,False,,,,,,,True,20260930T154824Z_58fc84cb,20261001T020000Z_20d6f564,False,0.1.1,TRUE,TRUE,FALSE,,STRICT_PASS,
deepseek,DeepSeek Flash,C0_closed_book,F_D05,D_source_precedence,R03_CLI_OVER_DEFAULTS;R12_EXECUTOR_CORES,DIRECT_REAL_CASE_ADAPTATION,,True,OK,PASS,True,PASS,True,,,application_1790519959162_0472,False,,,,,,,True,20260930T154824Z_58fc84cb,20261001T020000Z_20d6f564,False,0.1.1,TRUE,TRUE,FALSE,,STRICT_PASS,
deepseek,DeepSeek Flash,C0_closed_book,F_D06,D_source_precedence,R03_CLI_OVER_DEFAULTS;R01_EXECUTOR_MEMORY,DIRECT_REAL_CASE_ADAPTATION,,True,OK,PASS,True,PASS,True,,,application_1790519959162_0473,False,,,,,,,True,20260930T154824Z_58fc84cb,20261001T020000Z_20d6f564,False,0.1.1,TRUE,TRUE,FALSE,,STRICT_PASS,
deepseek,DeepSeek Flash,C0_closed_book,F_D07,D_source_precedence,R03_CLI_OVER_DEFAULTS;R01_EXECUTOR_MEMORY,DIRECT_REAL_CASE_ADAPTATION,,True,OK,PASS,True,PASS,True,,,application_1790519959162_0474,False,,,,,,,True,20260930T154824Z_58fc84cb,20261001T020000Z_20d6f564,False,0.1.1,TRUE,TRUE,FALSE,,STRICT_PASS,
deepseek,DeepSeek Flash,C0_closed_book,F_D08,D_source_precedence,R03_CLI_OVER_DEFAULTS;R12_EXECUTOR_CORES,DIRECT_REAL_CASE_ADAPTATION,,True,OK,PASS,True,PASS,True,,,application_1790519959162_0475,False,,,,,,,True,20260930T154824Z_58fc84cb,20261001T020000Z_20d6f564,False,0.1.1,TRUE,TRUE,FALSE,,STRICT_PASS,
deepseek,DeepSeek Flash,C0_closed_book,F_D09,D_source_precedence,R09_PROPERTIES_FILE;R01_EXECUTOR_MEMORY,DIRECT_REAL_CASE_ADAPTATION,,True,OK,PASS,True,PASS,True,,,application_1790519959162_0476,False,,,,,,,True,20260930T154824Z_58fc84cb,20261001T020000Z_20d6f564,False,0.1.1,TRUE,TRUE,FALSE,,STRICT_PASS,
deepseek,DeepSeek Flash,C0_closed_book,F_D10,D_source_precedence,R09_PROPERTIES_FILE;R01_EXECUTOR_MEMORY;R12_EXECUTOR_CORES,DIRECT_REAL_CASE_ADAPTATION,,True,OK,PASS,True,PASS,True,,,application_1790519959162_0477,False,,,,,,,True,20260930T154824Z_58fc84cb,20261001T020000Z_20d6f564,False,0.1.1,TRUE,TRUE,FALSE,,STRICT_PASS,
deepseek,DeepSeek Flash,C0_closed_book,F_D11,D_source_precedence,R02_SPARK_DEFAULTS_SOURCE;R06_DYNAMIC_SHUFFLE_TRACKING,DIRECT_REAL_CASE_ADAPTATION,,True,OK,PASS,True,PASS,True,,,application_1790519959162_0478,False,,,,,,,True,20260930T154824Z_58fc84cb,20261001T020000Z_20d6f564,False,0.1.1,TRUE,TRUE,FALSE,,STRICT_PASS,
deepseek,DeepSeek Flash,C0_closed_book,F_D12,D_source_precedence,R02_SPARK_DEFAULTS_SOURCE;R14_YARN_DEPLOY_MODE,DIRECT_REAL_CASE_ADAPTATION,,True,OK,PASS,True,PASS,True,,,application_1790519959162_0479,False,,,,,,,True,20260930T154824Z_58fc84cb,20261001T020000Z_20d6f564,False,0.1.1,TRUE,TRUE,FALSE,,STRICT_PASS,
deepseek,DeepSeek Flash,C0_closed_book,F_D13,D_source_precedence,R03_CLI_OVER_DEFAULTS;R01_EXECUTOR_MEMORY;R12_EXECUTOR_CORES,DIRECT_REAL_CASE_ADAPTATION,,True,OK,PASS,True,PASS,True,,,application_1790519959162_0480,False,,,,,,,True,20260930T154824Z_58fc84cb,20261001T020000Z_20d6f564,False,0.1.1,TRUE,TRUE,FALSE,,STRICT_PASS,
deepseek,DeepSeek Flash,C0_closed_book,F_D14,D_source_precedence,R02_SPARK_DEFAULTS_SOURCE;R04_YARN_QUEUE,DIRECT_REAL_CASE_ADAPTATION,,True,OK,PASS,True,PASS,True,,,application_1790519959162_0481,False,,,,,,,True,20260930T154824Z_58fc84cb,20261001T020000Z_20d6f564,False,0.1.1,TRUE,TRUE,FALSE,,STRICT_PASS,
deepseek,DeepSeek Flash,C0_closed_book,F_D15,D_source_precedence,R09_PROPERTIES_FILE;R06_DYNAMIC_SHUFFLE_TRACKING,DIRECT_REAL_CASE_ADAPTATION,,True,OK,PASS,True,PASS,True,,,application_1790519959162_0482,False,,,,,,,True,20260930T154824Z_58fc84cb,20261001T020000Z_20d6f564,False,0.1.1,TRUE,TRUE,FALSE,,STRICT_PASS,
deepseek,DeepSeek Flash,C0_closed_book,F_E01,E_dependency_interaction,R06_DYNAMIC_SHUFFLE_TRACKING,DIRECT_REAL_CASE_ADAPTATION,,True,OK,PASS,True,PASS,True,,,application_1790519959162_0483,False,,,,,,,True,20260930T154824Z_58fc84cb,20261001T020000Z_20d6f564,False,0.1.1,TRUE,TRUE,FALSE,,STRICT_PASS,
deepseek,DeepSeek Flash,C0_closed_book,F_E02,E_dependency_interaction,R06_DYNAMIC_SHUFFLE_TRACKING;R10_DYNAMIC_SCALE_RUNTIME,DIRECT_REAL_CASE_ADAPTATION,,True,OK,PASS,True,PASS,True,,,application_1790519959162_0484,False,,,,,,,True,20260930T154824Z_58fc84cb,20261001T020000Z_20d6f564,False,0.1.1,TRUE,TRUE,FALSE,,STRICT_PASS,
deepseek,DeepSeek Flash,C0_closed_book,F_E03,E_dependency_interaction,R06_DYNAMIC_SHUFFLE_TRACKING;R10_DYNAMIC_SCALE_RUNTIME,DIRECT_REAL_CASE_ADAPTATION,,True,OK,PASS,True,PASS,True,,,application_1790519959162_0485,False,,,,,,,True,20260930T154824Z_58fc84cb,20261001T020000Z_20d6f564,False,0.1.1,TRUE,TRUE,FALSE,,STRICT_PASS,
deepseek,DeepSeek Flash,C0_closed_book,F_E04,E_dependency_interaction,R06_DYNAMIC_SHUFFLE_TRACKING;R10_DYNAMIC_SCALE_RUNTIME,DIRECT_REAL_CASE_ADAPTATION,,True,OK,FAIL,False,,False,STATIC,UNAUTHORIZED_SETTING;UNSUPPORTED_VALIDATOR_KEY,,True,True,,True,PASS,,application_1790519959162_0589,True,20260930T154824Z_58fc84cb,20261001T020000Z_20d6f564,False,0.1.1,FALSE,TRUE,TRUE,BY058,BENIGN,"[{""key"":""spark.dynamicAllocation.executorIdleTimeout"",""value"":""60s"",""decision"":""BENIGN"",""reason_code"":""B_DUPLICATE_EQUIVALENT"",""rationale"":""Spark 3.5.9 defaults executorIdleTimeout to 60s; explicitly setting 60s duplicates the default and is consistent with the task's requirement that idle executors be removed.""}]"
deepseek,DeepSeek Flash,C0_closed_book,F_E05,E_dependency_interaction,R11_DYNAMIC_INITIAL_PRECEDENCE;R06_DYNAMIC_SHUFFLE_TRACKING,DIRECT_REAL_CASE_ADAPTATION,,True,OK,PASS,True,PASS,True,,,application_1790519959162_0486,False,,,,,,,True,20260930T154824Z_58fc84cb,20261001T020000Z_20d6f564,False,0.1.1,TRUE,TRUE,FALSE,,STRICT_PASS,
deepseek,DeepSeek Flash,C0_closed_book,F_E06,E_dependency_interaction,R11_DYNAMIC_INITIAL_PRECEDENCE;R06_DYNAMIC_SHUFFLE_TRACKING,DIRECT_REAL_CASE_ADAPTATION,,True,OK,PASS,True,PASS,True,,,application_1790519959162_0487,False,,,,,,,True,20260930T154824Z_58fc84cb,20261001T020000Z_20d6f564,False,0.1.1,TRUE,TRUE,FALSE,,STRICT_PASS,
deepseek,DeepSeek Flash,C0_closed_book,F_E07,E_dependency_interaction,R11_DYNAMIC_INITIAL_PRECEDENCE;R06_DYNAMIC_SHUFFLE_TRACKING,DIRECT_REAL_CASE_ADAPTATION,,True,OK,PASS,True,PASS,True,,,application_1790519959162_0488,False,,,,,,,True,20260930T154824Z_58fc84cb,20261001T020000Z_20d6f564,False,0.1.1,TRUE,TRUE,FALSE,,STRICT_PASS,
deepseek,DeepSeek Flash,C0_closed_book,F_E08,E_dependency_interaction,R12_EXECUTOR_CORES;R10_DYNAMIC_SCALE_RUNTIME;R06_DYNAMIC_SHUFFLE_TRACKING,DIRECT_REAL_CASE_ADAPTATION,,True,OK,FAIL,False,,False,STATIC,UNAUTHORIZED_SETTING;UNAUTHORIZED_SETTING;UNAUTHORIZED_SETTING,,True,True,,True,PASS,,application_1790519959162_0590,True,20260930T154824Z_58fc84cb,20261001T020000Z_20d6f564,False,0.1.1,FALSE,FALSE,FALSE,BY037,HARMFUL,"[{""key"":""spark.executor.instances"",""value"":""1"",""decision"":""BENIGN"",""reason_code"":""B_DUPLICATE_EQUIVALENT"",""rationale"":""With dynamic allocation, Spark uses spark.executor.instances only when it is larger than the configured dynamic initial count; here both are 1, so the extra does not change the initial executor count.""},{""key"":""spark.master"",""value"":""yarn"",""decision"":""BENIGN"",""reason_code"":""B_ENVIRONMENT_RESTATEMENT"",""rationale"":""The task is explicitly framed for YARN and the benchmark execution environment is YARN; '--master yarn' restates that frozen environment without changing any task-required value/source.""},{""key"":""spark.submit.deployMode"",""value"":""client"",""decision"":""HARMFUL"",""reason_code"":""H_DEPLOYMENT_SEMANTICS"",""rationale"":""Client mode changes driver placement and YARN deployment semantics relative to the frozen cluster-mode execution environment; it is not behaviorally inert.""}]"
deepseek,DeepSeek Flash,C0_closed_book,F_E09,E_dependency_interaction,R01_EXECUTOR_MEMORY;R12_EXECUTOR_CORES;R06_DYNAMIC_SHUFFLE_TRACKING;R10_DYNAMIC_SCALE_RUNTIME,DIRECT_REAL_CASE_ADAPTATION,,True,OK,FAIL,False,,False,STATIC,UNAUTHORIZED_SETTING;UNSUPPORTED_VALIDATOR_KEY;MISSING_REQUIRED_SETTING,,True,True,,True,PASS,,application_1790519959162_0591,True,20260930T154824Z_58fc84cb,20261001T020000Z_20d6f564,False,0.1.1,FALSE,FALSE,FALSE,,STRICT_FAIL_NONCANDIDATE,
deepseek,DeepSeek Flash,C0_closed_book,F_E10,E_dependency_interaction,R14_YARN_DEPLOY_MODE;R06_DYNAMIC_SHUFFLE_TRACKING;R10_DYNAMIC_SCALE_RUNTIME;R05_WAIT_COMPLETION,COMPOSITION_OF_REAL_CASE_RULES,,True,OK,PASS,True,PASS,True,,,application_1790519959162_0489,False,,,,,,,True,20260930T154824Z_58fc84cb,20261001T020000Z_20d6f564,False,0.1.1,TRUE,TRUE,FALSE,,STRICT_PASS,
deepseek,DeepSeek Flash,C0_closed_book,F_E11,E_dependency_interaction,R04_YARN_QUEUE;R06_DYNAMIC_SHUFFLE_TRACKING;R10_DYNAMIC_SCALE_RUNTIME,COMPOSITION_OF_REAL_CASE_RULES,,True,OK,FAIL,False,,False,STATIC,UNAUTHORIZED_SETTING;UNAUTHORIZED_SETTING,,True,True,,True,PASS,,application_1790519959162_0592,True,20260930T154824Z_58fc84cb,20261001T020000Z_20d6f564,False,0.1.1,FALSE,TRUE,TRUE,BY002,BENIGN,"[{""key"":""spark.master"",""value"":""yarn"",""decision"":""BENIGN"",""reason_code"":""B_ENVIRONMENT_RESTATEMENT"",""rationale"":""The task is explicitly framed for YARN and the benchmark execution environment is YARN; '--master yarn' restates that frozen environment without changing any task-required value/source.""},{""key"":""spark.submit.deployMode"",""value"":""cluster"",""decision"":""BENIGN"",""reason_code"":""B_ENVIRONMENT_RESTATEMENT"",""rationale"":""The formal execution harness uses YARN cluster mode; explicit '--deploy-mode cluster' restates the frozen execution environment for a task that does not itself test deploy mode.""}]"
deepseek,DeepSeek Flash,C0_closed_book,F_E12,E_dependency_interaction,R06_DYNAMIC_SHUFFLE_TRACKING;R10_DYNAMIC_SCALE_RUNTIME,DIRECT_REAL_CASE_ADAPTATION,,True,OK,FAIL,False,,False,STATIC,MISSING_REQUIRED_SETTING,,True,True,,True,PASS,,application_1790519959162_0593,True,20260930T154824Z_58fc84cb,20261001T020000Z_20d6f564,False,0.1.1,FALSE,FALSE,FALSE,,STRICT_FAIL_NONCANDIDATE,
deepseek,DeepSeek Flash,C0_closed_book,F_E13,E_dependency_interaction,R12_EXECUTOR_CORES;R06_DYNAMIC_SHUFFLE_TRACKING;R10_DYNAMIC_SCALE_RUNTIME,DIRECT_REAL_CASE_ADAPTATION,,True,OK,FAIL,False,,False,STATIC,UNAUTHORIZED_SETTING;UNSUPPORTED_VALIDATOR_KEY;MISSING_REQUIRED_SETTING,,True,True,,True,PASS,,application_1790519959162_0594,True,20260930T154824Z_58fc84cb,20261001T020000Z_20d6f564,False,0.1.1,FALSE,FALSE,FALSE,,STRICT_FAIL_NONCANDIDATE,
deepseek,DeepSeek Flash,C0_closed_book,F_E14,E_dependency_interaction,R11_DYNAMIC_INITIAL_PRECEDENCE;R01_EXECUTOR_MEMORY;R06_DYNAMIC_SHUFFLE_TRACKING,DIRECT_REAL_CASE_ADAPTATION,,True,OK,FAIL,False,,False,STATIC,UNAUTHORIZED_SETTING;UNSUPPORTED_VALIDATOR_KEY;MISSING_REQUIRED_SETTING,,True,True,,True,PASS,,application_1790519959162_0595,True,20260930T154824Z_58fc84cb,20261001T020000Z_20d6f564,False,0.1.1,FALSE,FALSE,FALSE,,STRICT_FAIL_NONCANDIDATE,
deepseek,DeepSeek Flash,C0_closed_book,F_E15,E_dependency_interaction,R06_DYNAMIC_SHUFFLE_TRACKING;R10_DYNAMIC_SCALE_RUNTIME,DIRECT_REAL_CASE_ADAPTATION,,True,OK,PASS,True,PASS,True,,,application_1790519959162_0490,False,,,,,,,True,20260930T154824Z_58fc84cb,20261001T020000Z_20d6f564,False,0.1.1,TRUE,TRUE,FALSE,,STRICT_PASS,
deepseek,DeepSeek Flash,C0_closed_book,F_F01,F_integrated,R14_YARN_DEPLOY_MODE;R13_EXECUTOR_INSTANCES;R12_EXECUTOR_CORES;R01_EXECUTOR_MEMORY;R05_WAIT_COMPLETION,DIRECT_REAL_CASE_ADAPTATION,,True,OK,PASS,True,PASS,True,,,application_1790519959162_0491,False,,,,,,,True,20260930T154824Z_58fc84cb,20261001T020000Z_20d6f564,False,0.1.1,TRUE,TRUE,FALSE,,STRICT_PASS,
deepseek,DeepSeek Flash,C0_closed_book,F_F02,F_integrated,R07_CLIENT_DRIVER_MEMORY_PLACEMENT;R13_EXECUTOR_INSTANCES;R12_EXECUTOR_CORES;R01_EXECUTOR_MEMORY;R04_YARN_QUEUE;R14_YARN_DEPLOY_MODE,DIRECT_REAL_CASE_ADAPTATION,,True,OK,PASS,True,PASS,True,,,application_1790519959162_0492,False,,,,,,,True,20260930T154824Z_58fc84cb,20261001T020000Z_20d6f564,False,0.1.1,TRUE,TRUE,FALSE,,STRICT_PASS,
deepseek,DeepSeek Flash,C0_closed_book,F_F03,F_integrated,R14_YARN_DEPLOY_MODE;R13_EXECUTOR_INSTANCES;R12_EXECUTOR_CORES;R01_EXECUTOR_MEMORY;R08_EXECUTOR_MEMORY_OVERHEAD;R05_WAIT_COMPLETION,DIRECT_REAL_CASE_ADAPTATION,,True,OK,PASS,True,PASS,True,,,application_1790519959162_0493,False,,,,,,,True,20260930T154824Z_58fc84cb,20261001T020000Z_20d6f564,False,0.1.1,TRUE,TRUE,FALSE,,STRICT_PASS,
deepseek,DeepSeek Flash,C0_closed_book,F_F04,F_integrated,R14_YARN_DEPLOY_MODE;R01_EXECUTOR_MEMORY;R12_EXECUTOR_CORES;R06_DYNAMIC_SHUFFLE_TRACKING;R10_DYNAMIC_SCALE_RUNTIME;R05_WAIT_COMPLETION,DIRECT_REAL_CASE_ADAPTATION,,True,OK,FAIL,False,,False,STATIC,MISSING_REQUIRED_SETTING,,True,True,,True,PASS,,application_1790519959162_0596,True,20260930T154824Z_58fc84cb,20261001T020000Z_20d6f564,False,0.1.1,FALSE,FALSE,FALSE,,STRICT_FAIL_NONCANDIDATE,
deepseek,DeepSeek Flash,C0_closed_book,F_F05,F_integrated,R03_CLI_OVER_DEFAULTS;R14_YARN_DEPLOY_MODE;R01_EXECUTOR_MEMORY;R13_EXECUTOR_INSTANCES;R12_EXECUTOR_CORES;R04_YARN_QUEUE;R05_WAIT_COMPLETION,COMPOSITION_OF_REAL_CASE_RULES,,True,OK,FAIL,False,,False,STATIC,MISSING_REQUIRED_SETTING,,True,True,,True,PASS,,application_1790519959162_0597,True,20260930T154824Z_58fc84cb,20261001T020000Z_20d6f564,False,0.1.1,FALSE,FALSE,FALSE,,STRICT_FAIL_NONCANDIDATE,
deepseek,DeepSeek Flash,C0_closed_book,F_F06,F_integrated,R14_YARN_DEPLOY_MODE;R04_YARN_QUEUE;R13_EXECUTOR_INSTANCES;R12_EXECUTOR_CORES;R01_EXECUTOR_MEMORY;R05_WAIT_COMPLETION,DIRECT_REAL_CASE_ADAPTATION,,True,OK,FAIL,False,,False,STATIC,MISSING_REQUIRED_SETTING,,True,True,,True,PASS,,application_1790519959162_0598,True,20260930T154824Z_58fc84cb,20261001T020000Z_20d6f564,False,0.1.1,FALSE,FALSE,FALSE,,STRICT_FAIL_NONCANDIDATE,
deepseek,DeepSeek Flash,C0_closed_book,F_F07,F_integrated,R07_CLIENT_DRIVER_MEMORY_PLACEMENT;R13_EXECUTOR_INSTANCES;R12_EXECUTOR_CORES;R01_EXECUTOR_MEMORY;R04_YARN_QUEUE;R14_YARN_DEPLOY_MODE,DIRECT_REAL_CASE_ADAPTATION,,True,OK,PASS,True,PASS,True,,,application_1790519959162_0494,False,,,,,,,True,20260930T154824Z_58fc84cb,20261001T020000Z_20d6f564,False,0.1.1,TRUE,TRUE,FALSE,,STRICT_PASS,
deepseek,DeepSeek Flash,C0_closed_book,F_F08,F_integrated,R14_YARN_DEPLOY_MODE;R04_YARN_QUEUE;R13_EXECUTOR_INSTANCES;R01_EXECUTOR_MEMORY;R08_EXECUTOR_MEMORY_OVERHEAD;R05_WAIT_COMPLETION,DIRECT_REAL_CASE_ADAPTATION,,True,OK,FAIL,False,,False,STATIC,UNKNOWN_SUBMIT_OPTION;MODEL_POSITIONAL_ARGUMENT_NOT_ALLOWED;MISSING_REQUIRED_SETTING,,True,True,,True,PASS,,application_1790519959162_0599,True,20260930T154824Z_58fc84cb,20261001T020000Z_20d6f564,False,0.1.1,FALSE,FALSE,FALSE,,STRICT_FAIL_NONCANDIDATE,
deepseek,DeepSeek Flash,C0_closed_book,F_F09,F_integrated,R14_YARN_DEPLOY_MODE;R04_YARN_QUEUE;R11_DYNAMIC_INITIAL_PRECEDENCE;R06_DYNAMIC_SHUFFLE_TRACKING,DIRECT_REAL_CASE_ADAPTATION,,True,OK,PASS,True,PASS,True,,,application_1790519959162_0495,False,,,,,,,True,20260930T154824Z_58fc84cb,20261001T020000Z_20d6f564,False,0.1.1,TRUE,TRUE,FALSE,,STRICT_PASS,
deepseek,DeepSeek Flash,C0_closed_book,F_F10,F_integrated,R03_CLI_OVER_DEFAULTS;R14_YARN_DEPLOY_MODE;R01_EXECUTOR_MEMORY;R12_EXECUTOR_CORES;R13_EXECUTOR_INSTANCES;R05_WAIT_COMPLETION,COMPOSITION_OF_REAL_CASE_RULES,,True,OK,PASS,True,PASS,True,,,application_1790519959162_0496,False,,,,,,,True,20260930T154824Z_58fc84cb,20261001T020000Z_20d6f564,False,0.1.1,TRUE,TRUE,FALSE,,STRICT_PASS,
deepseek,DeepSeek Flash,C0_closed_book,F_F11,F_integrated,R14_YARN_DEPLOY_MODE;R04_YARN_QUEUE;R06_DYNAMIC_SHUFFLE_TRACKING;R10_DYNAMIC_SCALE_RUNTIME;R05_WAIT_COMPLETION,COMPOSITION_OF_REAL_CASE_RULES,,True,OK,FAIL,False,,False,STATIC,UNAUTHORIZED_SETTING;MISSING_REQUIRED_SETTING;MISSING_REQUIRED_SETTING,,True,True,,True,PASS,,application_1790519959162_0600,True,20260930T154824Z_58fc84cb,20261001T020000Z_20d6f564,False,0.1.1,FALSE,FALSE,FALSE,,STRICT_FAIL_NONCANDIDATE,
deepseek,DeepSeek Flash,C0_closed_book,F_F12,F_integrated,R07_CLIENT_DRIVER_MEMORY_PLACEMENT;R13_EXECUTOR_INSTANCES;R12_EXECUTOR_CORES;R01_EXECUTOR_MEMORY;R04_YARN_QUEUE;R14_YARN_DEPLOY_MODE,DIRECT_REAL_CASE_ADAPTATION,,True,OK,PASS,True,PASS,True,,,application_1790519959162_0497,False,,,,,,,True,20260930T154824Z_58fc84cb,20261001T020000Z_20d6f564,False,0.1.1,TRUE,TRUE,FALSE,,STRICT_PASS,
deepseek,DeepSeek Flash,C0_closed_book,F_F13,F_integrated,R14_YARN_DEPLOY_MODE;R04_YARN_QUEUE;R13_EXECUTOR_INSTANCES;R12_EXECUTOR_CORES;R01_EXECUTOR_MEMORY;R08_EXECUTOR_MEMORY_OVERHEAD;R05_WAIT_COMPLETION,DIRECT_REAL_CASE_ADAPTATION,,True,OK,PASS,True,PASS,True,,,application_1790519959162_0498,False,,,,,,,True,20260930T154824Z_58fc84cb,20261001T020000Z_20d6f564,False,0.1.1,TRUE,TRUE,FALSE,,STRICT_PASS,
deepseek,DeepSeek Flash,C0_closed_book,F_F14,F_integrated,R14_YARN_DEPLOY_MODE;R04_YARN_QUEUE;R13_EXECUTOR_INSTANCES;R12_EXECUTOR_CORES;R01_EXECUTOR_MEMORY;R05_WAIT_COMPLETION,DIRECT_REAL_CASE_ADAPTATION,,True,OK,FAIL,False,,False,STATIC,MISSING_REQUIRED_SETTING,,True,True,,True,PASS,,application_1790519959162_0601,True,20260930T154824Z_58fc84cb,20261001T020000Z_20d6f564,False,0.1.1,FALSE,FALSE,FALSE,,STRICT_FAIL_NONCANDIDATE,
deepseek,DeepSeek Flash,C0_closed_book,F_F15,F_integrated,R14_YARN_DEPLOY_MODE;R04_YARN_QUEUE;R01_EXECUTOR_MEMORY;R12_EXECUTOR_CORES;R06_DYNAMIC_SHUFFLE_TRACKING;R10_DYNAMIC_SCALE_RUNTIME,COMPOSITION_OF_REAL_CASE_RULES,,True,OK,FAIL,False,,False,STATIC,UNAUTHORIZED_SETTING,,True,True,,True,PASS,,application_1790519959162_0602,True,20260930T154824Z_58fc84cb,20261001T020000Z_20d6f564,False,0.1.1,FALSE,TRUE,TRUE,BY054,BENIGN,"[{""key"":""spark.executor.instances"",""value"":""1"",""decision"":""BENIGN"",""reason_code"":""B_DUPLICATE_EQUIVALENT"",""rationale"":""With dynamic allocation, Spark uses spark.executor.instances only when it is larger than the configured dynamic initial count; here both are 1, so the extra does not change the initial executor count.""}]"
deepseek,DeepSeek Flash,C1_frozen_official_docs_v04,F_A01,A_resource,R01_EXECUTOR_MEMORY,DIRECT_REAL_CASE_ADAPTATION,,True,OK,PASS,True,PASS,True,,,application_1790519959162_0499,False,,,,,,,True,20260930T154824Z_58fc84cb,20261001T020000Z_20d6f564,False,0.1.1,TRUE,TRUE,FALSE,,STRICT_PASS,
deepseek,DeepSeek Flash,C1_frozen_official_docs_v04,F_A02,A_resource,R01_EXECUTOR_MEMORY,DIRECT_REAL_CASE_ADAPTATION,,True,OK,PASS,True,PASS,True,,,application_1790519959162_0500,False,,,,,,,True,20260930T154824Z_58fc84cb,20261001T020000Z_20d6f564,False,0.1.1,TRUE,TRUE,FALSE,,STRICT_PASS,
deepseek,DeepSeek Flash,C1_frozen_official_docs_v04,F_A03,A_resource,R12_EXECUTOR_CORES,DIRECT_REAL_CASE_ADAPTATION,,True,OK,PASS,True,PASS,True,,,application_1790519959162_0501,False,,,,,,,True,20260930T154824Z_58fc84cb,20261001T020000Z_20d6f564,False,0.1.1,TRUE,TRUE,FALSE,,STRICT_PASS,
deepseek,DeepSeek Flash,C1_frozen_official_docs_v04,F_A04,A_resource,R13_EXECUTOR_INSTANCES,DIRECT_REAL_CASE_ADAPTATION,,True,OK,FAIL,False,,False,STATIC,UNAUTHORIZED_SETTING;UNAUTHORIZED_SETTING;UNAUTHORIZED_SETTING,,True,True,,True,PASS,,application_1790519959162_0603,True,20260930T154824Z_58fc84cb,20261001T020000Z_20d6f564,False,0.1.1,FALSE,TRUE,TRUE,BY046,BENIGN,"[{""key"":""spark.dynamicAllocation.enabled"",""value"":""false"",""decision"":""BENIGN"",""reason_code"":""B_DUPLICATE_EQUIVALENT"",""rationale"":""Spark 3.5.9 defaults dynamic allocation to false; in this fixed/static executor task, explicitly setting false duplicates the default and does not change the required behavior.""},{""key"":""spark.master"",""value"":""yarn"",""decision"":""BENIGN"",""reason_code"":""B_ENVIRONMENT_RESTATEMENT"",""rationale"":""The task is explicitly framed for YARN and the benchmark execution environment is YARN; '--master yarn' restates that frozen environment without changing any task-required value/source.""},{""key"":""spark.submit.deployMode"",""value"":""cluster"",""decision"":""BENIGN"",""reason_code"":""B_ENVIRONMENT_RESTATEMENT"",""rationale"":""The formal execution harness uses YARN cluster mode; explicit '--deploy-mode cluster' restates the frozen execution environment for a task that does not itself test deploy mode.""}]"
deepseek,DeepSeek Flash,C1_frozen_official_docs_v04,F_A05,A_resource,R01_EXECUTOR_MEMORY;R08_EXECUTOR_MEMORY_OVERHEAD,DIRECT_REAL_CASE_ADAPTATION,,True,OK,PASS,True,PASS,True,,,application_1790519959162_0502,False,,,,,,,True,20260930T154824Z_58fc84cb,20261001T020000Z_20d6f564,False,0.1.1,TRUE,TRUE,FALSE,,STRICT_PASS,
deepseek,DeepSeek Flash,C1_frozen_official_docs_v04,F_A06,A_resource,R13_EXECUTOR_INSTANCES;R01_EXECUTOR_MEMORY;R08_EXECUTOR_MEMORY_OVERHEAD,DIRECT_REAL_CASE_ADAPTATION,,True,OK,FAIL,False,,False,STATIC,UNAUTHORIZED_SETTING,,True,True,,True,PASS,,application_1790519959162_0604,True,20260930T154824Z_58fc84cb,20261001T020000Z_20d6f564,False,0.1.1,FALSE,TRUE,TRUE,BY062,BENIGN,"[{""key"":""spark.master"",""value"":""yarn"",""decision"":""BENIGN"",""reason_code"":""B_ENVIRONMENT_RESTATEMENT"",""rationale"":""The task is explicitly framed for YARN and the benchmark execution environment is YARN; '--master yarn' restates that frozen environment without changing any task-required value/source.""}]"
deepseek,DeepSeek Flash,C1_frozen_official_docs_v04,F_A07,A_resource,R13_EXECUTOR_INSTANCES;R12_EXECUTOR_CORES,DIRECT_REAL_CASE_ADAPTATION,,True,OK,FAIL,False,,False,STATIC,UNAUTHORIZED_SETTING;UNAUTHORIZED_SETTING,,True,True,,True,PASS,,application_1790519959162_0605,True,20260930T154824Z_58fc84cb,20261001T020000Z_20d6f564,False,0.1.1,FALSE,TRUE,TRUE,BY048,BENIGN,"[{""key"":""spark.master"",""value"":""yarn"",""decision"":""BENIGN"",""reason_code"":""B_ENVIRONMENT_RESTATEMENT"",""rationale"":""The task is explicitly framed for YARN and the benchmark execution environment is YARN; '--master yarn' restates that frozen environment without changing any task-required value/source.""},{""key"":""spark.submit.deployMode"",""value"":""cluster"",""decision"":""BENIGN"",""reason_code"":""B_ENVIRONMENT_RESTATEMENT"",""rationale"":""The formal execution harness uses YARN cluster mode; explicit '--deploy-mode cluster' restates the frozen execution environment for a task that does not itself test deploy mode.""}]"
deepseek,DeepSeek Flash,C1_frozen_official_docs_v04,F_A08,A_resource,R13_EXECUTOR_INSTANCES;R01_EXECUTOR_MEMORY,DIRECT_REAL_CASE_ADAPTATION,,True,OK,PASS,True,PASS,True,,,application_1790519959162_0503,False,,,,,,,True,20260930T154824Z_58fc84cb,20261001T020000Z_20d6f564,False,0.1.1,TRUE,TRUE,FALSE,,STRICT_PASS,
deepseek,DeepSeek Flash,C1_frozen_official_docs_v04,F_A09,A_resource,R13_EXECUTOR_INSTANCES;R12_EXECUTOR_CORES;R01_EXECUTOR_MEMORY,DIRECT_REAL_CASE_ADAPTATION,,True,OK,FAIL,False,,False,STATIC,UNAUTHORIZED_SETTING,,True,True,,True,PASS,,application_1790519959162_0606,True,20260930T154824Z_58fc84cb,20261001T020000Z_20d6f564,False,0.1.1,FALSE,TRUE,TRUE,BY029,BENIGN,"[{""key"":""spark.master"",""value"":""yarn"",""decision"":""BENIGN"",""reason_code"":""B_ENVIRONMENT_RESTATEMENT"",""rationale"":""The task is explicitly framed for YARN and the benchmark execution environment is YARN; '--master yarn' restates that frozen environment without changing any task-required value/source.""}]"
deepseek,DeepSeek Flash,C1_frozen_official_docs_v04,F_A10,A_resource,R13_EXECUTOR_INSTANCES;R12_EXECUTOR_CORES;R01_EXECUTOR_MEMORY;R08_EXECUTOR_MEMORY_OVERHEAD,DIRECT_REAL_CASE_ADAPTATION,,True,OK,PASS,True,PASS,True,,,application_1790519959162_0504,False,,,,,,,True,20260930T154824Z_58fc84cb,20261001T020000Z_20d6f564,False,0.1.1,TRUE,TRUE,FALSE,,STRICT_PASS,
deepseek,DeepSeek Flash,C1_frozen_official_docs_v04,F_A11,A_resource,R13_EXECUTOR_INSTANCES;R12_EXECUTOR_CORES,DIRECT_REAL_CASE_ADAPTATION,,True,OK,FAIL,False,,False,STATIC,UNAUTHORIZED_SETTING;UNAUTHORIZED_SETTING,,True,True,,True,PASS,,application_1790519959162_0607,True,20260930T154824Z_58fc84cb,20261001T020000Z_20d6f564,False,0.1.1,FALSE,TRUE,TRUE,BY051,BENIGN,"[{""key"":""spark.master"",""value"":""yarn"",""decision"":""BENIGN"",""reason_code"":""B_ENVIRONMENT_RESTATEMENT"",""rationale"":""The task is explicitly framed for YARN and the benchmark execution environment is YARN; '--master yarn' restates that frozen environment without changing any task-required value/source.""},{""key"":""spark.submit.deployMode"",""value"":""cluster"",""decision"":""BENIGN"",""reason_code"":""B_ENVIRONMENT_RESTATEMENT"",""rationale"":""The formal execution harness uses YARN cluster mode; explicit '--deploy-mode cluster' restates the frozen execution environment for a task that does not itself test deploy mode.""}]"
deepseek,DeepSeek Flash,C1_frozen_official_docs_v04,F_A12,A_resource,R01_EXECUTOR_MEMORY;R08_EXECUTOR_MEMORY_OVERHEAD,DIRECT_REAL_CASE_ADAPTATION,,True,OK,PASS,True,PASS,True,,,application_1790519959162_0505,False,,,,,,,True,20260930T154824Z_58fc84cb,20261001T020000Z_20d6f564,False,0.1.1,TRUE,TRUE,FALSE,,STRICT_PASS,
deepseek,DeepSeek Flash,C1_frozen_official_docs_v04,F_A13,A_resource,R13_EXECUTOR_INSTANCES;R12_EXECUTOR_CORES,DIRECT_REAL_CASE_ADAPTATION,,True,OK,PASS,True,PASS,True,,,application_1790519959162_0506,False,,,,,,,True,20260930T154824Z_58fc84cb,20261001T020000Z_20d6f564,False,0.1.1,TRUE,TRUE,FALSE,,STRICT_PASS,
deepseek,DeepSeek Flash,C1_frozen_official_docs_v04,F_A14,A_resource,R13_EXECUTOR_INSTANCES;R12_EXECUTOR_CORES;R01_EXECUTOR_MEMORY;R08_EXECUTOR_MEMORY_OVERHEAD,DIRECT_REAL_CASE_ADAPTATION,,True,OK,FAIL,False,,False,STATIC,UNAUTHORIZED_SETTING,,True,True,,True,PASS,,application_1790519959162_0608,True,20260930T154824Z_58fc84cb,20261001T020000Z_20d6f564,False,0.1.1,FALSE,TRUE,TRUE,BY040,BENIGN,"[{""key"":""spark.master"",""value"":""yarn"",""decision"":""BENIGN"",""reason_code"":""B_ENVIRONMENT_RESTATEMENT"",""rationale"":""The task is explicitly framed for YARN and the benchmark execution environment is YARN; '--master yarn' restates that frozen environment without changing any task-required value/source.""}]"
deepseek,DeepSeek Flash,C1_frozen_official_docs_v04,F_A15,A_resource,R13_EXECUTOR_INSTANCES;R12_EXECUTOR_CORES;R01_EXECUTOR_MEMORY,DIRECT_REAL_CASE_ADAPTATION,,True,OK,FAIL,False,,False,STATIC,UNAUTHORIZED_SETTING;UNAUTHORIZED_SETTING,,True,True,,True,PASS,,application_1790519959162_0609,True,20260930T154824Z_58fc84cb,20261001T020000Z_20d6f564,False,0.1.1,FALSE,TRUE,TRUE,BY030,BENIGN,"[{""key"":""spark.master"",""value"":""yarn"",""decision"":""BENIGN"",""reason_code"":""B_ENVIRONMENT_RESTATEMENT"",""rationale"":""The task is explicitly framed for YARN and the benchmark execution environment is YARN; '--master yarn' restates that frozen environment without changing any task-required value/source.""},{""key"":""spark.submit.deployMode"",""value"":""cluster"",""decision"":""BENIGN"",""reason_code"":""B_ENVIRONMENT_RESTATEMENT"",""rationale"":""The formal execution harness uses YARN cluster mode; explicit '--deploy-mode cluster' restates the frozen execution environment for a task that does not itself test deploy mode.""}]"
deepseek,DeepSeek Flash,C1_frozen_official_docs_v04,F_B01,B_driver_executor,R07_CLIENT_DRIVER_MEMORY_PLACEMENT;R01_EXECUTOR_MEMORY;R14_YARN_DEPLOY_MODE,DIRECT_REAL_CASE_ADAPTATION,,True,OK,PASS,True,PASS,True,,,application_1790519959162_0507,False,,,,,,,True,20260930T154824Z_58fc84cb,20261001T020000Z_20d6f564,False,0.1.1,TRUE,TRUE,FALSE,,STRICT_PASS,
deepseek,DeepSeek Flash,C1_frozen_official_docs_v04,F_B02,B_driver_executor,R07_CLIENT_DRIVER_MEMORY_PLACEMENT;R13_EXECUTOR_INSTANCES;R12_EXECUTOR_CORES;R01_EXECUTOR_MEMORY;R14_YARN_DEPLOY_MODE,DIRECT_REAL_CASE_ADAPTATION,,True,OK,PASS,True,PASS,True,,,application_1790519959162_0508,False,,,,,,,True,20260930T154824Z_58fc84cb,20261001T020000Z_20d6f564,False,0.1.1,TRUE,TRUE,FALSE,,STRICT_PASS,
deepseek,DeepSeek Flash,C1_frozen_official_docs_v04,F_B03,B_driver_executor,R07_CLIENT_DRIVER_MEMORY_PLACEMENT;R13_EXECUTOR_INSTANCES;R12_EXECUTOR_CORES;R01_EXECUTOR_MEMORY;R14_YARN_DEPLOY_MODE,DIRECT_REAL_CASE_ADAPTATION,,True,OK,PASS,True,PASS,True,,,application_1790519959162_0509,False,,,,,,,True,20260930T154824Z_58fc84cb,20261001T020000Z_20d6f564,False,0.1.1,TRUE,TRUE,FALSE,,STRICT_PASS,
deepseek,DeepSeek Flash,C1_frozen_official_docs_v04,F_B04,B_driver_executor,R07_CLIENT_DRIVER_MEMORY_PLACEMENT;R13_EXECUTOR_INSTANCES;R12_EXECUTOR_CORES;R01_EXECUTOR_MEMORY;R14_YARN_DEPLOY_MODE,DIRECT_REAL_CASE_ADAPTATION,,True,OK,PASS,True,PASS,True,,,application_1790519959162_0510,False,,,,,,,True,20260930T154824Z_58fc84cb,20261001T020000Z_20d6f564,False,0.1.1,TRUE,TRUE,FALSE,,STRICT_PASS,
deepseek,DeepSeek Flash,C1_frozen_official_docs_v04,F_B05,B_driver_executor,R07_CLIENT_DRIVER_MEMORY_PLACEMENT;R13_EXECUTOR_INSTANCES;R12_EXECUTOR_CORES;R01_EXECUTOR_MEMORY;R14_YARN_DEPLOY_MODE,DIRECT_REAL_CASE_ADAPTATION,,True,OK,PASS,True,PASS,True,,,application_1790519959162_0511,False,,,,,,,True,20260930T154824Z_58fc84cb,20261001T020000Z_20d6f564,False,0.1.1,TRUE,TRUE,FALSE,,STRICT_PASS,
deepseek,DeepSeek Flash,C1_frozen_official_docs_v04,F_B06,B_driver_executor,R07_CLIENT_DRIVER_MEMORY_PLACEMENT;R13_EXECUTOR_INSTANCES;R12_EXECUTOR_CORES;R01_EXECUTOR_MEMORY;R14_YARN_DEPLOY_MODE,DIRECT_REAL_CASE_ADAPTATION,,True,OK,PASS,True,PASS,True,,,application_1790519959162_0512,False,,,,,,,True,20260930T154824Z_58fc84cb,20261001T020000Z_20d6f564,False,0.1.1,TRUE,TRUE,FALSE,,STRICT_PASS,
deepseek,DeepSeek Flash,C1_frozen_official_docs_v04,F_B07,B_driver_executor,R07_CLIENT_DRIVER_MEMORY_PLACEMENT;R13_EXECUTOR_INSTANCES;R12_EXECUTOR_CORES;R01_EXECUTOR_MEMORY;R14_YARN_DEPLOY_MODE,DIRECT_REAL_CASE_ADAPTATION,,True,OK,PASS,True,PASS,True,,,application_1790519959162_0513,False,,,,,,,True,20260930T154824Z_58fc84cb,20261001T020000Z_20d6f564,False,0.1.1,TRUE,TRUE,FALSE,,STRICT_PASS,
deepseek,DeepSeek Flash,C1_frozen_official_docs_v04,F_B08,B_driver_executor,R14_YARN_DEPLOY_MODE;R13_EXECUTOR_INSTANCES;R12_EXECUTOR_CORES;R01_EXECUTOR_MEMORY,DIRECT_REAL_CASE_ADAPTATION,,True,OK,PASS,True,PASS,True,,,application_1790519959162_0514,False,,,,,,,True,20260930T154824Z_58fc84cb,20261001T020000Z_20d6f564,False,0.1.1,TRUE,TRUE,FALSE,,STRICT_PASS,
deepseek,DeepSeek Flash,C1_frozen_official_docs_v04,F_B09,B_driver_executor,R14_YARN_DEPLOY_MODE;R13_EXECUTOR_INSTANCES;R12_EXECUTOR_CORES;R01_EXECUTOR_MEMORY,DIRECT_REAL_CASE_ADAPTATION,,True,OK,PASS,True,PASS,True,,,application_1790519959162_0515,False,,,,,,,True,20260930T154824Z_58fc84cb,20261001T020000Z_20d6f564,False,0.1.1,TRUE,TRUE,FALSE,,STRICT_PASS,
deepseek,DeepSeek Flash,C1_frozen_official_docs_v04,F_B10,B_driver_executor,R07_CLIENT_DRIVER_MEMORY_PLACEMENT;R13_EXECUTOR_INSTANCES;R12_EXECUTOR_CORES;R01_EXECUTOR_MEMORY;R04_YARN_QUEUE;R14_YARN_DEPLOY_MODE,DIRECT_REAL_CASE_ADAPTATION,,True,OK,PASS,True,PASS,True,,,application_1790519959162_0516,False,,,,,,,True,20260930T154824Z_58fc84cb,20261001T020000Z_20d6f564,False,0.1.1,TRUE,TRUE,FALSE,,STRICT_PASS,
deepseek,DeepSeek Flash,C1_frozen_official_docs_v04,F_B11,B_driver_executor,R07_CLIENT_DRIVER_MEMORY_PLACEMENT;R13_EXECUTOR_INSTANCES;R12_EXECUTOR_CORES;R01_EXECUTOR_MEMORY;R14_YARN_DEPLOY_MODE,DIRECT_REAL_CASE_ADAPTATION,,True,OK,PASS,True,PASS,True,,,application_1790519959162_0517,False,,,,,,,True,20260930T154824Z_58fc84cb,20261001T020000Z_20d6f564,False,0.1.1,TRUE,TRUE,FALSE,,STRICT_PASS,
deepseek,DeepSeek Flash,C1_frozen_official_docs_v04,F_B12,B_driver_executor,R14_YARN_DEPLOY_MODE;R13_EXECUTOR_INSTANCES;R12_EXECUTOR_CORES;R01_EXECUTOR_MEMORY,DIRECT_REAL_CASE_ADAPTATION,,True,OK,PASS,True,PASS,True,,,application_1790519959162_0518,False,,,,,,,True,20260930T154824Z_58fc84cb,20261001T020000Z_20d6f564,False,0.1.1,TRUE,TRUE,FALSE,,STRICT_PASS,
deepseek,DeepSeek Flash,C1_frozen_official_docs_v04,F_B13,B_driver_executor,R14_YARN_DEPLOY_MODE;R13_EXECUTOR_INSTANCES;R12_EXECUTOR_CORES;R01_EXECUTOR_MEMORY,DIRECT_REAL_CASE_ADAPTATION,,True,OK,PASS,True,PASS,True,,,application_1790519959162_0519,False,,,,,,,True,20260930T154824Z_58fc84cb,20261001T020000Z_20d6f564,False,0.1.1,TRUE,TRUE,FALSE,,STRICT_PASS,
deepseek,DeepSeek Flash,C1_frozen_official_docs_v04,F_B14,B_driver_executor,R07_CLIENT_DRIVER_MEMORY_PLACEMENT;R13_EXECUTOR_INSTANCES;R12_EXECUTOR_CORES;R01_EXECUTOR_MEMORY;R14_YARN_DEPLOY_MODE,DIRECT_REAL_CASE_ADAPTATION,,True,OK,PASS,True,PASS,True,,,application_1790519959162_0520,False,,,,,,,True,20260930T154824Z_58fc84cb,20261001T020000Z_20d6f564,False,0.1.1,TRUE,TRUE,FALSE,,STRICT_PASS,
deepseek,DeepSeek Flash,C1_frozen_official_docs_v04,F_B15,B_driver_executor,R14_YARN_DEPLOY_MODE;R13_EXECUTOR_INSTANCES;R12_EXECUTOR_CORES;R01_EXECUTOR_MEMORY,DIRECT_REAL_CASE_ADAPTATION,,True,OK,PASS,True,PASS,True,,,application_1790519959162_0521,False,,,,,,,True,20260930T154824Z_58fc84cb,20261001T020000Z_20d6f564,False,0.1.1,TRUE,TRUE,FALSE,,STRICT_PASS,
deepseek,DeepSeek Flash,C1_frozen_official_docs_v04,F_C01,C_yarn_deploy,R14_YARN_DEPLOY_MODE;R04_YARN_QUEUE,DIRECT_REAL_CASE_ADAPTATION,,True,OK,PASS,True,PASS,True,,,application_1790519959162_0522,False,,,,,,,True,20260930T154824Z_58fc84cb,20261001T020000Z_20d6f564,False,0.1.1,TRUE,TRUE,FALSE,,STRICT_PASS,
deepseek,DeepSeek Flash,C1_frozen_official_docs_v04,F_C02,C_yarn_deploy,R14_YARN_DEPLOY_MODE;R04_YARN_QUEUE,DIRECT_REAL_CASE_ADAPTATION,,True,OK,PASS,True,PASS,True,,,application_1790519959162_0523,False,,,,,,,True,20260930T154824Z_58fc84cb,20261001T020000Z_20d6f564,False,0.1.1,TRUE,TRUE,FALSE,,STRICT_PASS,
deepseek,DeepSeek Flash,C1_frozen_official_docs_v04,F_C03,C_yarn_deploy,R14_YARN_DEPLOY_MODE;R04_YARN_QUEUE;R05_WAIT_COMPLETION,DIRECT_REAL_CASE_ADAPTATION,,True,OK,PASS,True,PASS,True,,,application_1790519959162_0524,False,,,,,,,True,20260930T154824Z_58fc84cb,20261001T020000Z_20d6f564,False,0.1.1,TRUE,TRUE,FALSE,,STRICT_PASS,
deepseek,DeepSeek Flash,C1_frozen_official_docs_v04,F_C04,C_yarn_deploy,R14_YARN_DEPLOY_MODE;R05_WAIT_COMPLETION,DIRECT_REAL_CASE_ADAPTATION,,True,OK,PASS,True,PASS,True,,,application_1790519959162_0525,False,,,,,,,True,20260930T154824Z_58fc84cb,20261001T020000Z_20d6f564,False,0.1.1,TRUE,TRUE,FALSE,,STRICT_PASS,
deepseek,DeepSeek Flash,C1_frozen_official_docs_v04,F_C05,C_yarn_deploy,R14_YARN_DEPLOY_MODE;R04_YARN_QUEUE;R01_EXECUTOR_MEMORY;R05_WAIT_COMPLETION,DIRECT_REAL_CASE_ADAPTATION,,True,OK,PASS,True,PASS,True,,,application_1790519959162_0526,False,,,,,,,True,20260930T154824Z_58fc84cb,20261001T020000Z_20d6f564,False,0.1.1,TRUE,TRUE,FALSE,,STRICT_PASS,
deepseek,DeepSeek Flash,C1_frozen_official_docs_v04,F_C06,C_yarn_deploy,R14_YARN_DEPLOY_MODE;R13_EXECUTOR_INSTANCES;R01_EXECUTOR_MEMORY,DIRECT_REAL_CASE_ADAPTATION,,True,OK,PASS,True,PASS,True,,,application_1790519959162_0527,False,,,,,,,True,20260930T154824Z_58fc84cb,20261001T020000Z_20d6f564,False,0.1.1,TRUE,TRUE,FALSE,,STRICT_PASS,
deepseek,DeepSeek Flash,C1_frozen_official_docs_v04,F_C07,C_yarn_deploy,R14_YARN_DEPLOY_MODE;R13_EXECUTOR_INSTANCES;R12_EXECUTOR_CORES,DIRECT_REAL_CASE_ADAPTATION,,True,OK,PASS,True,PASS,True,,,application_1790519959162_0528,False,,,,,,,True,20260930T154824Z_58fc84cb,20261001T020000Z_20d6f564,False,0.1.1,TRUE,TRUE,FALSE,,STRICT_PASS,
deepseek,DeepSeek Flash,C1_frozen_official_docs_v04,F_C08,C_yarn_deploy,R14_YARN_DEPLOY_MODE;R13_EXECUTOR_INSTANCES;R01_EXECUTOR_MEMORY;R05_WAIT_COMPLETION,DIRECT_REAL_CASE_ADAPTATION,,True,OK,PASS,True,PASS,True,,,application_1790519959162_0529,False,,,,,,,True,20260930T154824Z_58fc84cb,20261001T020000Z_20d6f564,False,0.1.1,TRUE,TRUE,FALSE,,STRICT_PASS,
deepseek,DeepSeek Flash,C1_frozen_official_docs_v04,F_C09,C_yarn_deploy,R14_YARN_DEPLOY_MODE;R13_EXECUTOR_INSTANCES;R01_EXECUTOR_MEMORY;R05_WAIT_COMPLETION,DIRECT_REAL_CASE_ADAPTATION,,True,OK,PASS,True,PASS,True,,,application_1790519959162_0530,False,,,,,,,True,20260930T154824Z_58fc84cb,20261001T020000Z_20d6f564,False,0.1.1,TRUE,TRUE,FALSE,,STRICT_PASS,
deepseek,DeepSeek Flash,C1_frozen_official_docs_v04,F_C10,C_yarn_deploy,R14_YARN_DEPLOY_MODE;R04_YARN_QUEUE;R13_EXECUTOR_INSTANCES;R12_EXECUTOR_CORES,DIRECT_REAL_CASE_ADAPTATION,,True,OK,PASS,True,PASS,True,,,application_1790519959162_0531,False,,,,,,,True,20260930T154824Z_58fc84cb,20261001T020000Z_20d6f564,False,0.1.1,TRUE,TRUE,FALSE,,STRICT_PASS,
deepseek,DeepSeek Flash,C1_frozen_official_docs_v04,F_C11,C_yarn_deploy,R14_YARN_DEPLOY_MODE;R04_YARN_QUEUE;R13_EXECUTOR_INSTANCES;R12_EXECUTOR_CORES,DIRECT_REAL_CASE_ADAPTATION,,True,OK,PASS,True,PASS,True,,,application_1790519959162_0532,False,,,,,,,True,20260930T154824Z_58fc84cb,20261001T020000Z_20d6f564,False,0.1.1,TRUE,TRUE,FALSE,,STRICT_PASS,
deepseek,DeepSeek Flash,C1_frozen_official_docs_v04,F_C12,C_yarn_deploy,R14_YARN_DEPLOY_MODE;R13_EXECUTOR_INSTANCES;R12_EXECUTOR_CORES,DIRECT_REAL_CASE_ADAPTATION,,True,OK,PASS,True,PASS,True,,,application_1790519959162_0533,False,,,,,,,True,20260930T154824Z_58fc84cb,20261001T020000Z_20d6f564,False,0.1.1,TRUE,TRUE,FALSE,,STRICT_PASS,
deepseek,DeepSeek Flash,C1_frozen_official_docs_v04,F_C13,C_yarn_deploy,R14_YARN_DEPLOY_MODE;R13_EXECUTOR_INSTANCES;R12_EXECUTOR_CORES;R05_WAIT_COMPLETION,DIRECT_REAL_CASE_ADAPTATION,,True,OK,PASS,True,PASS,True,,,application_1790519959162_0534,False,,,,,,,True,20260930T154824Z_58fc84cb,20261001T020000Z_20d6f564,False,0.1.1,TRUE,TRUE,FALSE,,STRICT_PASS,
deepseek,DeepSeek Flash,C1_frozen_official_docs_v04,F_C14,C_yarn_deploy,R14_YARN_DEPLOY_MODE;R13_EXECUTOR_INSTANCES;R12_EXECUTOR_CORES;R05_WAIT_COMPLETION,DIRECT_REAL_CASE_ADAPTATION,,True,OK,PASS,True,PASS,True,,,application_1790519959162_0535,False,,,,,,,True,20260930T154824Z_58fc84cb,20261001T020000Z_20d6f564,False,0.1.1,TRUE,TRUE,FALSE,,STRICT_PASS,
deepseek,DeepSeek Flash,C1_frozen_official_docs_v04,F_C15,C_yarn_deploy,R14_YARN_DEPLOY_MODE;R04_YARN_QUEUE;R13_EXECUTOR_INSTANCES;R01_EXECUTOR_MEMORY,DIRECT_REAL_CASE_ADAPTATION,,True,OK,PASS,True,PASS,True,,,application_1790519959162_0536,False,,,,,,,True,20260930T154824Z_58fc84cb,20261001T020000Z_20d6f564,False,0.1.1,TRUE,TRUE,FALSE,,STRICT_PASS,
deepseek,DeepSeek Flash,C1_frozen_official_docs_v04,F_D01,D_source_precedence,R02_SPARK_DEFAULTS_SOURCE;R01_EXECUTOR_MEMORY,DIRECT_REAL_CASE_ADAPTATION,,True,OK,PASS,True,PASS,True,,,application_1790519959162_0537,False,,,,,,,True,20260930T154824Z_58fc84cb,20261001T020000Z_20d6f564,False,0.1.1,TRUE,TRUE,FALSE,,STRICT_PASS,
deepseek,DeepSeek Flash,C1_frozen_official_docs_v04,F_D02,D_source_precedence,R02_SPARK_DEFAULTS_SOURCE;R12_EXECUTOR_CORES,DIRECT_REAL_CASE_ADAPTATION,,True,OK,PASS,True,PASS,True,,,application_1790519959162_0538,False,,,,,,,True,20260930T154824Z_58fc84cb,20261001T020000Z_20d6f564,False,0.1.1,TRUE,TRUE,FALSE,,STRICT_PASS,
deepseek,DeepSeek Flash,C1_frozen_official_docs_v04,F_D03,D_source_precedence,R02_SPARK_DEFAULTS_SOURCE;R01_EXECUTOR_MEMORY;R12_EXECUTOR_CORES,DIRECT_REAL_CASE_ADAPTATION,,True,OK,PASS,True,PASS,True,,,application_1790519959162_0539,False,,,,,,,True,20260930T154824Z_58fc84cb,20261001T020000Z_20d6f564,False,0.1.1,TRUE,TRUE,FALSE,,STRICT_PASS,
deepseek,DeepSeek Flash,C1_frozen_official_docs_v04,F_D04,D_source_precedence,R03_CLI_OVER_DEFAULTS;R01_EXECUTOR_MEMORY,DIRECT_REAL_CASE_ADAPTATION,,True,OK,PASS,True,PASS,True,,,application_1790519959162_0540,False,,,,,,,True,20260930T154824Z_58fc84cb,20261001T020000Z_20d6f564,False,0.1.1,TRUE,TRUE,FALSE,,STRICT_PASS,
deepseek,DeepSeek Flash,C1_frozen_official_docs_v04,F_D05,D_source_precedence,R03_CLI_OVER_DEFAULTS;R12_EXECUTOR_CORES,DIRECT_REAL_CASE_ADAPTATION,,True,OK,PASS,True,PASS,True,,,application_1790519959162_0541,False,,,,,,,True,20260930T154824Z_58fc84cb,20261001T020000Z_20d6f564,False,0.1.1,TRUE,TRUE,FALSE,,STRICT_PASS,
deepseek,DeepSeek Flash,C1_frozen_official_docs_v04,F_D06,D_source_precedence,R03_CLI_OVER_DEFAULTS;R01_EXECUTOR_MEMORY,DIRECT_REAL_CASE_ADAPTATION,,True,OK,PASS,True,PASS,True,,,application_1790519959162_0542,False,,,,,,,True,20260930T154824Z_58fc84cb,20261001T020000Z_20d6f564,False,0.1.1,TRUE,TRUE,FALSE,,STRICT_PASS,
deepseek,DeepSeek Flash,C1_frozen_official_docs_v04,F_D07,D_source_precedence,R03_CLI_OVER_DEFAULTS;R01_EXECUTOR_MEMORY,DIRECT_REAL_CASE_ADAPTATION,,True,OK,PASS,True,PASS,True,,,application_1790519959162_0543,False,,,,,,,True,20260930T154824Z_58fc84cb,20261001T020000Z_20d6f564,False,0.1.1,TRUE,TRUE,FALSE,,STRICT_PASS,
deepseek,DeepSeek Flash,C1_frozen_official_docs_v04,F_D08,D_source_precedence,R03_CLI_OVER_DEFAULTS;R12_EXECUTOR_CORES,DIRECT_REAL_CASE_ADAPTATION,,True,OK,PASS,True,PASS,True,,,application_1790519959162_0544,False,,,,,,,True,20260930T154824Z_58fc84cb,20261001T020000Z_20d6f564,False,0.1.1,TRUE,TRUE,FALSE,,STRICT_PASS,
deepseek,DeepSeek Flash,C1_frozen_official_docs_v04,F_D09,D_source_precedence,R09_PROPERTIES_FILE;R01_EXECUTOR_MEMORY,DIRECT_REAL_CASE_ADAPTATION,,True,OK,PASS,True,PASS,True,,,application_1790519959162_0545,False,,,,,,,True,20260930T154824Z_58fc84cb,20261001T020000Z_20d6f564,False,0.1.1,TRUE,TRUE,FALSE,,STRICT_PASS,
deepseek,DeepSeek Flash,C1_frozen_official_docs_v04,F_D10,D_source_precedence,R09_PROPERTIES_FILE;R01_EXECUTOR_MEMORY;R12_EXECUTOR_CORES,DIRECT_REAL_CASE_ADAPTATION,,True,OK,PASS,True,PASS,True,,,application_1790519959162_0546,False,,,,,,,True,20260930T154824Z_58fc84cb,20261001T020000Z_20d6f564,False,0.1.1,TRUE,TRUE,FALSE,,STRICT_PASS,
deepseek,DeepSeek Flash,C1_frozen_official_docs_v04,F_D11,D_source_precedence,R02_SPARK_DEFAULTS_SOURCE;R06_DYNAMIC_SHUFFLE_TRACKING,DIRECT_REAL_CASE_ADAPTATION,,True,OK,PASS,True,PASS,True,,,application_1790519959162_0547,False,,,,,,,True,20260930T154824Z_58fc84cb,20261001T020000Z_20d6f564,False,0.1.1,TRUE,TRUE,FALSE,,STRICT_PASS,
deepseek,DeepSeek Flash,C1_frozen_official_docs_v04,F_D12,D_source_precedence,R02_SPARK_DEFAULTS_SOURCE;R14_YARN_DEPLOY_MODE,DIRECT_REAL_CASE_ADAPTATION,,True,OK,PASS,True,PASS,True,,,application_1790519959162_0548,False,,,,,,,True,20260930T154824Z_58fc84cb,20261001T020000Z_20d6f564,False,0.1.1,TRUE,TRUE,FALSE,,STRICT_PASS,
deepseek,DeepSeek Flash,C1_frozen_official_docs_v04,F_D13,D_source_precedence,R03_CLI_OVER_DEFAULTS;R01_EXECUTOR_MEMORY;R12_EXECUTOR_CORES,DIRECT_REAL_CASE_ADAPTATION,,True,OK,PASS,True,PASS,True,,,application_1790519959162_0549,False,,,,,,,True,20260930T154824Z_58fc84cb,20261001T020000Z_20d6f564,False,0.1.1,TRUE,TRUE,FALSE,,STRICT_PASS,
deepseek,DeepSeek Flash,C1_frozen_official_docs_v04,F_D14,D_source_precedence,R02_SPARK_DEFAULTS_SOURCE;R04_YARN_QUEUE,DIRECT_REAL_CASE_ADAPTATION,,True,OK,PASS,True,PASS,True,,,application_1790519959162_0550,False,,,,,,,True,20260930T154824Z_58fc84cb,20261001T020000Z_20d6f564,False,0.1.1,TRUE,TRUE,FALSE,,STRICT_PASS,
deepseek,DeepSeek Flash,C1_frozen_official_docs_v04,F_D15,D_source_precedence,R09_PROPERTIES_FILE;R06_DYNAMIC_SHUFFLE_TRACKING,DIRECT_REAL_CASE_ADAPTATION,,True,OK,PASS,True,PASS,True,,,application_1790519959162_0551,False,,,,,,,True,20260930T154824Z_58fc84cb,20261001T020000Z_20d6f564,False,0.1.1,TRUE,TRUE,FALSE,,STRICT_PASS,
deepseek,DeepSeek Flash,C1_frozen_official_docs_v04,F_E01,E_dependency_interaction,R06_DYNAMIC_SHUFFLE_TRACKING,DIRECT_REAL_CASE_ADAPTATION,,True,OK,FAIL,False,,False,STATIC,UNAUTHORIZED_SETTING,,True,True,,True,PASS,,application_1790519959162_0610,True,20260930T154824Z_58fc84cb,20261001T020000Z_20d6f564,False,0.1.1,FALSE,FALSE,FALSE,BY056,HARMFUL,"[{""key"":""spark.dynamicAllocation.shuffleTracking.enabled"",""value"":""true"",""decision"":""HARMFUL"",""reason_code"":""H_SOURCE_PRECEDENCE"",""rationale"":""Although Spark 3.5.9 defaults shuffle tracking to true, this task explicitly requires relying on the default rather than explicitly setting the property; the extra changes the requested configuration source/omission semantics.""}]"
deepseek,DeepSeek Flash,C1_frozen_official_docs_v04,F_E02,E_dependency_interaction,R06_DYNAMIC_SHUFFLE_TRACKING;R10_DYNAMIC_SCALE_RUNTIME,DIRECT_REAL_CASE_ADAPTATION,,True,OK,PASS,True,PASS,True,,,application_1790519959162_0552,False,,,,,,,True,20260930T154824Z_58fc84cb,20261001T020000Z_20d6f564,False,0.1.1,TRUE,TRUE,FALSE,,STRICT_PASS,
deepseek,DeepSeek Flash,C1_frozen_official_docs_v04,F_E03,E_dependency_interaction,R06_DYNAMIC_SHUFFLE_TRACKING;R10_DYNAMIC_SCALE_RUNTIME,DIRECT_REAL_CASE_ADAPTATION,,True,OK,PASS,True,PASS,True,,,application_1790519959162_0553,False,,,,,,,True,20260930T154824Z_58fc84cb,20261001T020000Z_20d6f564,False,0.1.1,TRUE,TRUE,FALSE,,STRICT_PASS,
deepseek,DeepSeek Flash,C1_frozen_official_docs_v04,F_E04,E_dependency_interaction,R06_DYNAMIC_SHUFFLE_TRACKING;R10_DYNAMIC_SCALE_RUNTIME,DIRECT_REAL_CASE_ADAPTATION,,True,OK,FAIL,False,,False,STATIC,UNAUTHORIZED_SETTING;UNSUPPORTED_VALIDATOR_KEY,,True,True,,True,PASS,,application_1790519959162_0611,True,20260930T154824Z_58fc84cb,20261001T020000Z_20d6f564,False,0.1.1,FALSE,TRUE,TRUE,BY061,BENIGN,"[{""key"":""spark.dynamicAllocation.executorIdleTimeout"",""value"":""60s"",""decision"":""BENIGN"",""reason_code"":""B_DUPLICATE_EQUIVALENT"",""rationale"":""Spark 3.5.9 defaults executorIdleTimeout to 60s; explicitly setting 60s duplicates the default and is consistent with the task's requirement that idle executors be removed.""}]"
deepseek,DeepSeek Flash,C1_frozen_official_docs_v04,F_E05,E_dependency_interaction,R11_DYNAMIC_INITIAL_PRECEDENCE;R06_DYNAMIC_SHUFFLE_TRACKING,DIRECT_REAL_CASE_ADAPTATION,,True,OK,PASS,True,PASS,True,,,application_1790519959162_0554,False,,,,,,,True,20260930T154824Z_58fc84cb,20261001T020000Z_20d6f564,False,0.1.1,TRUE,TRUE,FALSE,,STRICT_PASS,
deepseek,DeepSeek Flash,C1_frozen_official_docs_v04,F_E06,E_dependency_interaction,R11_DYNAMIC_INITIAL_PRECEDENCE;R06_DYNAMIC_SHUFFLE_TRACKING,DIRECT_REAL_CASE_ADAPTATION,,True,OK,PASS,True,PASS,True,,,application_1790519959162_0555,False,,,,,,,True,20260930T154824Z_58fc84cb,20261001T020000Z_20d6f564,False,0.1.1,TRUE,TRUE,FALSE,,STRICT_PASS,
deepseek,DeepSeek Flash,C1_frozen_official_docs_v04,F_E07,E_dependency_interaction,R11_DYNAMIC_INITIAL_PRECEDENCE;R06_DYNAMIC_SHUFFLE_TRACKING,DIRECT_REAL_CASE_ADAPTATION,,True,OK,PASS,True,PASS,True,,,application_1790519959162_0556,False,,,,,,,True,20260930T154824Z_58fc84cb,20261001T020000Z_20d6f564,False,0.1.1,TRUE,TRUE,FALSE,,STRICT_PASS,
deepseek,DeepSeek Flash,C1_frozen_official_docs_v04,F_E08,E_dependency_interaction,R12_EXECUTOR_CORES;R10_DYNAMIC_SCALE_RUNTIME;R06_DYNAMIC_SHUFFLE_TRACKING,DIRECT_REAL_CASE_ADAPTATION,,True,OK,PASS,True,PASS,True,,,application_1790519959162_0557,False,,,,,,,True,20260930T154824Z_58fc84cb,20261001T020000Z_20d6f564,False,0.1.1,TRUE,TRUE,FALSE,,STRICT_PASS,
deepseek,DeepSeek Flash,C1_frozen_official_docs_v04,F_E09,E_dependency_interaction,R01_EXECUTOR_MEMORY;R12_EXECUTOR_CORES;R06_DYNAMIC_SHUFFLE_TRACKING;R10_DYNAMIC_SCALE_RUNTIME,DIRECT_REAL_CASE_ADAPTATION,,True,OK,PASS,True,PASS,True,,,application_1790519959162_0558,False,,,,,,,True,20260930T154824Z_58fc84cb,20261001T020000Z_20d6f564,False,0.1.1,TRUE,TRUE,FALSE,,STRICT_PASS,
deepseek,DeepSeek Flash,C1_frozen_official_docs_v04,F_E10,E_dependency_interaction,R14_YARN_DEPLOY_MODE;R06_DYNAMIC_SHUFFLE_TRACKING;R10_DYNAMIC_SCALE_RUNTIME;R05_WAIT_COMPLETION,COMPOSITION_OF_REAL_CASE_RULES,,True,OK,PASS,True,PASS,True,,,application_1790519959162_0559,False,,,,,,,True,20260930T154824Z_58fc84cb,20261001T020000Z_20d6f564,False,0.1.1,TRUE,TRUE,FALSE,,STRICT_PASS,
deepseek,DeepSeek Flash,C1_frozen_official_docs_v04,F_E11,E_dependency_interaction,R04_YARN_QUEUE;R06_DYNAMIC_SHUFFLE_TRACKING;R10_DYNAMIC_SCALE_RUNTIME,COMPOSITION_OF_REAL_CASE_RULES,,True,OK,PASS,True,PASS,True,,,application_1790519959162_0560,False,,,,,,,True,20260930T154824Z_58fc84cb,20261001T020000Z_20d6f564,False,0.1.1,TRUE,TRUE,FALSE,,STRICT_PASS,
deepseek,DeepSeek Flash,C1_frozen_official_docs_v04,F_E12,E_dependency_interaction,R06_DYNAMIC_SHUFFLE_TRACKING;R10_DYNAMIC_SCALE_RUNTIME,DIRECT_REAL_CASE_ADAPTATION,,True,OK,FAIL,False,,False,STATIC,MISSING_REQUIRED_SETTING,,True,True,,True,PASS,,application_1790519959162_0612,True,20260930T154824Z_58fc84cb,20261001T020000Z_20d6f564,False,0.1.1,FALSE,FALSE,FALSE,,STRICT_FAIL_NONCANDIDATE,
deepseek,DeepSeek Flash,C1_frozen_official_docs_v04,F_E13,E_dependency_interaction,R12_EXECUTOR_CORES;R06_DYNAMIC_SHUFFLE_TRACKING;R10_DYNAMIC_SCALE_RUNTIME,DIRECT_REAL_CASE_ADAPTATION,,True,OK,PASS,True,PASS,True,,,application_1790519959162_0561,False,,,,,,,True,20260930T154824Z_58fc84cb,20261001T020000Z_20d6f564,False,0.1.1,TRUE,TRUE,FALSE,,STRICT_PASS,
deepseek,DeepSeek Flash,C1_frozen_official_docs_v04,F_E14,E_dependency_interaction,R11_DYNAMIC_INITIAL_PRECEDENCE;R01_EXECUTOR_MEMORY;R06_DYNAMIC_SHUFFLE_TRACKING,DIRECT_REAL_CASE_ADAPTATION,,True,OK,PASS,True,PASS,True,,,application_1790519959162_0562,False,,,,,,,True,20260930T154824Z_58fc84cb,20261001T020000Z_20d6f564,False,0.1.1,TRUE,TRUE,FALSE,,STRICT_PASS,
deepseek,DeepSeek Flash,C1_frozen_official_docs_v04,F_E15,E_dependency_interaction,R06_DYNAMIC_SHUFFLE_TRACKING;R10_DYNAMIC_SCALE_RUNTIME,DIRECT_REAL_CASE_ADAPTATION,,True,OK,PASS,True,PASS,True,,,application_1790519959162_0563,False,,,,,,,True,20260930T154824Z_58fc84cb,20261001T020000Z_20d6f564,False,0.1.1,TRUE,TRUE,FALSE,,STRICT_PASS,
deepseek,DeepSeek Flash,C1_frozen_official_docs_v04,F_F01,F_integrated,R14_YARN_DEPLOY_MODE;R13_EXECUTOR_INSTANCES;R12_EXECUTOR_CORES;R01_EXECUTOR_MEMORY;R05_WAIT_COMPLETION,DIRECT_REAL_CASE_ADAPTATION,,True,OK,PASS,True,PASS,True,,,application_1790519959162_0564,False,,,,,,,True,20260930T154824Z_58fc84cb,20261001T020000Z_20d6f564,False,0.1.1,TRUE,TRUE,FALSE,,STRICT_PASS,
deepseek,DeepSeek Flash,C1_frozen_official_docs_v04,F_F02,F_integrated,R07_CLIENT_DRIVER_MEMORY_PLACEMENT;R13_EXECUTOR_INSTANCES;R12_EXECUTOR_CORES;R01_EXECUTOR_MEMORY;R04_YARN_QUEUE;R14_YARN_DEPLOY_MODE,DIRECT_REAL_CASE_ADAPTATION,,True,OK,PASS,True,PASS,True,,,application_1790519959162_0565,False,,,,,,,True,20260930T154824Z_58fc84cb,20261001T020000Z_20d6f564,False,0.1.1,TRUE,TRUE,FALSE,,STRICT_PASS,
deepseek,DeepSeek Flash,C1_frozen_official_docs_v04,F_F03,F_integrated,R14_YARN_DEPLOY_MODE;R13_EXECUTOR_INSTANCES;R12_EXECUTOR_CORES;R01_EXECUTOR_MEMORY;R08_EXECUTOR_MEMORY_OVERHEAD;R05_WAIT_COMPLETION,DIRECT_REAL_CASE_ADAPTATION,,True,OK,PASS,True,PASS,True,,,application_1790519959162_0566,False,,,,,,,True,20260930T154824Z_58fc84cb,20261001T020000Z_20d6f564,False,0.1.1,TRUE,TRUE,FALSE,,STRICT_PASS,
deepseek,DeepSeek Flash,C1_frozen_official_docs_v04,F_F04,F_integrated,R14_YARN_DEPLOY_MODE;R01_EXECUTOR_MEMORY;R12_EXECUTOR_CORES;R06_DYNAMIC_SHUFFLE_TRACKING;R10_DYNAMIC_SCALE_RUNTIME;R05_WAIT_COMPLETION,DIRECT_REAL_CASE_ADAPTATION,,True,OK,PASS,True,PASS,True,,,application_1790519959162_0567,False,,,,,,,True,20260930T154824Z_58fc84cb,20261001T020000Z_20d6f564,False,0.1.1,TRUE,TRUE,FALSE,,STRICT_PASS,
deepseek,DeepSeek Flash,C1_frozen_official_docs_v04,F_F05,F_integrated,R03_CLI_OVER_DEFAULTS;R14_YARN_DEPLOY_MODE;R01_EXECUTOR_MEMORY;R13_EXECUTOR_INSTANCES;R12_EXECUTOR_CORES;R04_YARN_QUEUE;R05_WAIT_COMPLETION,COMPOSITION_OF_REAL_CASE_RULES,,True,OK,PASS,True,PASS,True,,,application_1790519959162_0568,False,,,,,,,True,20260930T154824Z_58fc84cb,20261001T020000Z_20d6f564,False,0.1.1,TRUE,TRUE,FALSE,,STRICT_PASS,
deepseek,DeepSeek Flash,C1_frozen_official_docs_v04,F_F06,F_integrated,R14_YARN_DEPLOY_MODE;R04_YARN_QUEUE;R13_EXECUTOR_INSTANCES;R12_EXECUTOR_CORES;R01_EXECUTOR_MEMORY;R05_WAIT_COMPLETION,DIRECT_REAL_CASE_ADAPTATION,,True,OK,PASS,True,PASS,True,,,application_1790519959162_0569,False,,,,,,,True,20260930T154824Z_58fc84cb,20261001T020000Z_20d6f564,False,0.1.1,TRUE,TRUE,FALSE,,STRICT_PASS,
deepseek,DeepSeek Flash,C1_frozen_official_docs_v04,F_F07,F_integrated,R07_CLIENT_DRIVER_MEMORY_PLACEMENT;R13_EXECUTOR_INSTANCES;R12_EXECUTOR_CORES;R01_EXECUTOR_MEMORY;R04_YARN_QUEUE;R14_YARN_DEPLOY_MODE,DIRECT_REAL_CASE_ADAPTATION,,True,OK,PASS,True,PASS,True,,,application_1790519959162_0570,False,,,,,,,True,20260930T154824Z_58fc84cb,20261001T020000Z_20d6f564,False,0.1.1,TRUE,TRUE,FALSE,,STRICT_PASS,
deepseek,DeepSeek Flash,C1_frozen_official_docs_v04,F_F08,F_integrated,R14_YARN_DEPLOY_MODE;R04_YARN_QUEUE;R13_EXECUTOR_INSTANCES;R01_EXECUTOR_MEMORY;R08_EXECUTOR_MEMORY_OVERHEAD;R05_WAIT_COMPLETION,DIRECT_REAL_CASE_ADAPTATION,,True,OK,PASS,True,PASS,True,,,application_1790519959162_0571,False,,,,,,,True,20260930T154824Z_58fc84cb,20261001T020000Z_20d6f564,False,0.1.1,TRUE,TRUE,FALSE,,STRICT_PASS,
deepseek,DeepSeek Flash,C1_frozen_official_docs_v04,F_F09,F_integrated,R14_YARN_DEPLOY_MODE;R04_YARN_QUEUE;R11_DYNAMIC_INITIAL_PRECEDENCE;R06_DYNAMIC_SHUFFLE_TRACKING,DIRECT_REAL_CASE_ADAPTATION,,True,OK,PASS,True,PASS,True,,,application_1790519959162_0572,False,,,,,,,True,20260930T154824Z_58fc84cb,20261001T020000Z_20d6f564,False,0.1.1,TRUE,TRUE,FALSE,,STRICT_PASS,
deepseek,DeepSeek Flash,C1_frozen_official_docs_v04,F_F10,F_integrated,R03_CLI_OVER_DEFAULTS;R14_YARN_DEPLOY_MODE;R01_EXECUTOR_MEMORY;R12_EXECUTOR_CORES;R13_EXECUTOR_INSTANCES;R05_WAIT_COMPLETION,COMPOSITION_OF_REAL_CASE_RULES,,True,OK,PASS,True,PASS,True,,,application_1790519959162_0573,False,,,,,,,True,20260930T154824Z_58fc84cb,20261001T020000Z_20d6f564,False,0.1.1,TRUE,TRUE,FALSE,,STRICT_PASS,
deepseek,DeepSeek Flash,C1_frozen_official_docs_v04,F_F11,F_integrated,R14_YARN_DEPLOY_MODE;R04_YARN_QUEUE;R06_DYNAMIC_SHUFFLE_TRACKING;R10_DYNAMIC_SCALE_RUNTIME;R05_WAIT_COMPLETION,COMPOSITION_OF_REAL_CASE_RULES,,True,OK,PASS,True,PASS,True,,,application_1790519959162_0574,False,,,,,,,True,20260930T154824Z_58fc84cb,20261001T020000Z_20d6f564,False,0.1.1,TRUE,TRUE,FALSE,,STRICT_PASS,
deepseek,DeepSeek Flash,C1_frozen_official_docs_v04,F_F12,F_integrated,R07_CLIENT_DRIVER_MEMORY_PLACEMENT;R13_EXECUTOR_INSTANCES;R12_EXECUTOR_CORES;R01_EXECUTOR_MEMORY;R04_YARN_QUEUE;R14_YARN_DEPLOY_MODE,DIRECT_REAL_CASE_ADAPTATION,,True,OK,PASS,True,PASS,True,,,application_1790519959162_0575,False,,,,,,,True,20260930T154824Z_58fc84cb,20261001T020000Z_20d6f564,False,0.1.1,TRUE,TRUE,FALSE,,STRICT_PASS,
deepseek,DeepSeek Flash,C1_frozen_official_docs_v04,F_F13,F_integrated,R14_YARN_DEPLOY_MODE;R04_YARN_QUEUE;R13_EXECUTOR_INSTANCES;R12_EXECUTOR_CORES;R01_EXECUTOR_MEMORY;R08_EXECUTOR_MEMORY_OVERHEAD;R05_WAIT_COMPLETION,DIRECT_REAL_CASE_ADAPTATION,,True,OK,PASS,True,PASS,True,,,application_1790519959162_0576,False,,,,,,,True,20260930T154824Z_58fc84cb,20261001T020000Z_20d6f564,False,0.1.1,TRUE,TRUE,FALSE,,STRICT_PASS,
deepseek,DeepSeek Flash,C1_frozen_official_docs_v04,F_F14,F_integrated,R14_YARN_DEPLOY_MODE;R04_YARN_QUEUE;R13_EXECUTOR_INSTANCES;R12_EXECUTOR_CORES;R01_EXECUTOR_MEMORY;R05_WAIT_COMPLETION,DIRECT_REAL_CASE_ADAPTATION,,True,OK,PASS,True,PASS,True,,,application_1790519959162_0577,False,,,,,,,True,20260930T154824Z_58fc84cb,20261001T020000Z_20d6f564,False,0.1.1,TRUE,TRUE,FALSE,,STRICT_PASS,
deepseek,DeepSeek Flash,C1_frozen_official_docs_v04,F_F15,F_integrated,R14_YARN_DEPLOY_MODE;R04_YARN_QUEUE;R01_EXECUTOR_MEMORY;R12_EXECUTOR_CORES;R06_DYNAMIC_SHUFFLE_TRACKING;R10_DYNAMIC_SCALE_RUNTIME,COMPOSITION_OF_REAL_CASE_RULES,,True,OK,FAIL,False,,False,STATIC,UNAUTHORIZED_SETTING,,True,True,,True,PASS,,application_1790519959162_0613,True,20260930T154824Z_58fc84cb,20261001T020000Z_20d6f564,False,0.1.1,FALSE,TRUE,TRUE,BY049,BENIGN,"[{""key"":""spark.executor.instances"",""value"":""1"",""decision"":""BENIGN"",""reason_code"":""B_DUPLICATE_EQUIVALENT"",""rationale"":""With dynamic allocation, Spark uses spark.executor.instances only when it is larger than the configured dynamic initial count; here both are 1, so the extra does not change the initial executor count.""}]"
gpt6_sol,GPT-6 Sol,C0_closed_book,F_A01,A_resource,R01_EXECUTOR_MEMORY,DIRECT_REAL_CASE_ADAPTATION,,True,OK,FAIL,False,,False,STATIC,UNAUTHORIZED_SETTING,,True,True,,True,PASS,,application_1790519959162_0752,True,20261001T024637Z_05dad0d1,20261001T050501Z_d7ea02dc,False,0.1.1,FALSE,TRUE,TRUE,BY034,BENIGN,"[{""key"":""spark.master"",""value"":""yarn"",""decision"":""BENIGN"",""reason_code"":""B_ENVIRONMENT_RESTATEMENT"",""rationale"":""The task is explicitly framed for YARN and the benchmark execution environment is YARN; '--master yarn' restates that frozen environment without changing any task-required value/source.""}]"
gpt6_sol,GPT-6 Sol,C0_closed_book,F_A02,A_resource,R01_EXECUTOR_MEMORY,DIRECT_REAL_CASE_ADAPTATION,,True,OK,FAIL,False,,False,STATIC,UNAUTHORIZED_SETTING,,True,True,,True,PASS,,application_1790519959162_0753,True,20261001T024637Z_05dad0d1,20261001T050501Z_d7ea02dc,False,0.1.1,FALSE,TRUE,TRUE,BY033,BENIGN,"[{""key"":""spark.master"",""value"":""yarn"",""decision"":""BENIGN"",""reason_code"":""B_ENVIRONMENT_RESTATEMENT"",""rationale"":""The task is explicitly framed for YARN and the benchmark execution environment is YARN; '--master yarn' restates that frozen environment without changing any task-required value/source.""}]"
gpt6_sol,GPT-6 Sol,C0_closed_book,F_A03,A_resource,R12_EXECUTOR_CORES,DIRECT_REAL_CASE_ADAPTATION,,True,OK,PASS,True,PASS,True,,,application_1790519959162_0614,False,,,,,,,True,20261001T024637Z_05dad0d1,20261001T050501Z_d7ea02dc,False,0.1.1,TRUE,TRUE,FALSE,,STRICT_PASS,
gpt6_sol,GPT-6 Sol,C0_closed_book,F_A04,A_resource,R13_EXECUTOR_INSTANCES,DIRECT_REAL_CASE_ADAPTATION,,True,OK,FAIL,False,,False,STATIC,UNAUTHORIZED_SETTING;UNAUTHORIZED_SETTING,,True,True,,True,PASS,,application_1790519959162_0754,True,20261001T024637Z_05dad0d1,20261001T050501Z_d7ea02dc,False,0.1.1,FALSE,TRUE,TRUE,BY045,BENIGN,"[{""key"":""spark.dynamicAllocation.enabled"",""value"":""false"",""decision"":""BENIGN"",""reason_code"":""B_DUPLICATE_EQUIVALENT"",""rationale"":""Spark 3.5.9 defaults dynamic allocation to false; in this fixed/static executor task, explicitly setting false duplicates the default and does not change the required behavior.""},{""key"":""spark.master"",""value"":""yarn"",""decision"":""BENIGN"",""reason_code"":""B_ENVIRONMENT_RESTATEMENT"",""rationale"":""The task is explicitly framed for YARN and the benchmark execution environment is YARN; '--master yarn' restates that frozen environment without changing any task-required value/source.""}]"
gpt6_sol,GPT-6 Sol,C0_closed_book,F_A05,A_resource,R01_EXECUTOR_MEMORY;R08_EXECUTOR_MEMORY_OVERHEAD,DIRECT_REAL_CASE_ADAPTATION,,True,OK,FAIL,False,,False,STATIC,UNAUTHORIZED_SETTING,,True,True,,True,PASS,,application_1790519959162_0755,True,20261001T024637Z_05dad0d1,20261001T050501Z_d7ea02dc,False,0.1.1,FALSE,TRUE,TRUE,BY059,BENIGN,"[{""key"":""spark.master"",""value"":""yarn"",""decision"":""BENIGN"",""reason_code"":""B_ENVIRONMENT_RESTATEMENT"",""rationale"":""The task is explicitly framed for YARN and the benchmark execution environment is YARN; '--master yarn' restates that frozen environment without changing any task-required value/source.""}]"
gpt6_sol,GPT-6 Sol,C0_closed_book,F_A06,A_resource,R13_EXECUTOR_INSTANCES;R01_EXECUTOR_MEMORY;R08_EXECUTOR_MEMORY_OVERHEAD,DIRECT_REAL_CASE_ADAPTATION,,True,OK,FAIL,False,,False,STATIC,UNAUTHORIZED_SETTING,,True,True,,True,PASS,,application_1790519959162_0756,True,20261001T024637Z_05dad0d1,20261001T050501Z_d7ea02dc,False,0.1.1,FALSE,TRUE,TRUE,BY047,BENIGN,"[{""key"":""spark.master"",""value"":""yarn"",""decision"":""BENIGN"",""reason_code"":""B_ENVIRONMENT_RESTATEMENT"",""rationale"":""The task is explicitly framed for YARN and the benchmark execution environment is YARN; '--master yarn' restates that frozen environment without changing any task-required value/source.""}]"
gpt6_sol,GPT-6 Sol,C0_closed_book,F_A07,A_resource,R13_EXECUTOR_INSTANCES;R12_EXECUTOR_CORES,DIRECT_REAL_CASE_ADAPTATION,,True,OK,FAIL,False,,False,STATIC,UNAUTHORIZED_SETTING;UNAUTHORIZED_SETTING;UNAUTHORIZED_SETTING,,True,True,,True,PASS,,application_1790519959162_0757,True,20261001T024637Z_05dad0d1,20261001T050501Z_d7ea02dc,False,0.1.1,FALSE,FALSE,FALSE,BY003,HARMFUL,"[{""key"":""spark.dynamicAllocation.enabled"",""value"":""false"",""decision"":""BENIGN"",""reason_code"":""B_DUPLICATE_EQUIVALENT"",""rationale"":""Spark 3.5.9 defaults dynamic allocation to false; in this fixed/static executor task, explicitly setting false duplicates the default and does not change the required behavior.""},{""key"":""spark.master"",""value"":""yarn"",""decision"":""BENIGN"",""reason_code"":""B_ENVIRONMENT_RESTATEMENT"",""rationale"":""The task is explicitly framed for YARN and the benchmark execution environment is YARN; '--master yarn' restates that frozen environment without changing any task-required value/source.""},{""key"":""spark.submit.deployMode"",""value"":""client"",""decision"":""HARMFUL"",""reason_code"":""H_DEPLOYMENT_SEMANTICS"",""rationale"":""Client mode changes driver placement and YARN deployment semantics relative to the frozen cluster-mode execution environment; it is not behaviorally inert.""}]"
gpt6_sol,GPT-6 Sol,C0_closed_book,F_A08,A_resource,R13_EXECUTOR_INSTANCES;R01_EXECUTOR_MEMORY,DIRECT_REAL_CASE_ADAPTATION,,True,OK,FAIL,False,,False,STATIC,UNAUTHORIZED_SETTING,,True,True,,True,PASS,,application_1790519959162_0758,True,20261001T024637Z_05dad0d1,20261001T050501Z_d7ea02dc,False,0.1.1,FALSE,TRUE,TRUE,BY017,BENIGN,"[{""key"":""spark.dynamicAllocation.enabled"",""value"":""false"",""decision"":""BENIGN"",""reason_code"":""B_DUPLICATE_EQUIVALENT"",""rationale"":""Spark 3.5.9 defaults dynamic allocation to false; in this fixed/static executor task, explicitly setting false duplicates the default and does not change the required behavior.""}]"
gpt6_sol,GPT-6 Sol,C0_closed_book,F_A09,A_resource,R13_EXECUTOR_INSTANCES;R12_EXECUTOR_CORES;R01_EXECUTOR_MEMORY,DIRECT_REAL_CASE_ADAPTATION,,True,OK,FAIL,False,,False,STATIC,UNAUTHORIZED_SETTING,,True,True,,True,PASS,,application_1790519959162_0759,True,20261001T024637Z_05dad0d1,20261001T050501Z_d7ea02dc,False,0.1.1,FALSE,TRUE,TRUE,BY055,BENIGN,"[{""key"":""spark.master"",""value"":""yarn"",""decision"":""BENIGN"",""reason_code"":""B_ENVIRONMENT_RESTATEMENT"",""rationale"":""The task is explicitly framed for YARN and the benchmark execution environment is YARN; '--master yarn' restates that frozen environment without changing any task-required value/source.""}]"
gpt6_sol,GPT-6 Sol,C0_closed_book,F_A10,A_resource,R13_EXECUTOR_INSTANCES;R12_EXECUTOR_CORES;R01_EXECUTOR_MEMORY;R08_EXECUTOR_MEMORY_OVERHEAD,DIRECT_REAL_CASE_ADAPTATION,,True,OK,PASS,True,PASS,True,,,application_1790519959162_0615,False,,,,,,,True,20261001T024637Z_05dad0d1,20261001T050501Z_d7ea02dc,False,0.1.1,TRUE,TRUE,FALSE,,STRICT_PASS,
gpt6_sol,GPT-6 Sol,C0_closed_book,F_A11,A_resource,R13_EXECUTOR_INSTANCES;R12_EXECUTOR_CORES,DIRECT_REAL_CASE_ADAPTATION,,True,OK,FAIL,False,,False,STATIC,UNAUTHORIZED_SETTING;UNAUTHORIZED_SETTING;UNAUTHORIZED_SETTING,,True,True,,True,PASS,,application_1790519959162_0760,True,20261001T024637Z_05dad0d1,20261001T050501Z_d7ea02dc,False,0.1.1,FALSE,TRUE,TRUE,BY038,BENIGN,"[{""key"":""spark.dynamicAllocation.enabled"",""value"":""false"",""decision"":""BENIGN"",""reason_code"":""B_DUPLICATE_EQUIVALENT"",""rationale"":""Spark 3.5.9 defaults dynamic allocation to false; in this fixed/static executor task, explicitly setting false duplicates the default and does not change the required behavior.""},{""key"":""spark.master"",""value"":""yarn"",""decision"":""BENIGN"",""reason_code"":""B_ENVIRONMENT_RESTATEMENT"",""rationale"":""The task is explicitly framed for YARN and the benchmark execution environment is YARN; '--master yarn' restates that frozen environment without changing any task-required value/source.""},{""key"":""spark.submit.deployMode"",""value"":""cluster"",""decision"":""BENIGN"",""reason_code"":""B_ENVIRONMENT_RESTATEMENT"",""rationale"":""The formal execution harness uses YARN cluster mode; explicit '--deploy-mode cluster' restates the frozen execution environment for a task that does not itself test deploy mode.""}]"
gpt6_sol,GPT-6 Sol,C0_closed_book,F_A12,A_resource,R01_EXECUTOR_MEMORY;R08_EXECUTOR_MEMORY_OVERHEAD,DIRECT_REAL_CASE_ADAPTATION,,True,OK,FAIL,False,,False,STATIC,UNAUTHORIZED_SETTING,,True,True,,True,PASS,,application_1790519959162_0761,True,20261001T024637Z_05dad0d1,20261001T050501Z_d7ea02dc,False,0.1.1,FALSE,TRUE,TRUE,BY052,BENIGN,"[{""key"":""spark.master"",""value"":""yarn"",""decision"":""BENIGN"",""reason_code"":""B_ENVIRONMENT_RESTATEMENT"",""rationale"":""The task is explicitly framed for YARN and the benchmark execution environment is YARN; '--master yarn' restates that frozen environment without changing any task-required value/source.""}]"
gpt6_sol,GPT-6 Sol,C0_closed_book,F_A13,A_resource,R13_EXECUTOR_INSTANCES;R12_EXECUTOR_CORES,DIRECT_REAL_CASE_ADAPTATION,,True,OK,FAIL,False,,False,STATIC,UNAUTHORIZED_SETTING,,True,True,,True,PASS,,application_1790519959162_0762,True,20261001T024637Z_05dad0d1,20261001T050501Z_d7ea02dc,False,0.1.1,FALSE,TRUE,TRUE,BY011,BENIGN,"[{""key"":""spark.dynamicAllocation.enabled"",""value"":""false"",""decision"":""BENIGN"",""reason_code"":""B_DUPLICATE_EQUIVALENT"",""rationale"":""Spark 3.5.9 defaults dynamic allocation to false; in this fixed/static executor task, explicitly setting false duplicates the default and does not change the required behavior.""}]"
gpt6_sol,GPT-6 Sol,C0_closed_book,F_A14,A_resource,R13_EXECUTOR_INSTANCES;R12_EXECUTOR_CORES;R01_EXECUTOR_MEMORY;R08_EXECUTOR_MEMORY_OVERHEAD,DIRECT_REAL_CASE_ADAPTATION,,True,OK,FAIL,False,,False,STATIC,UNAUTHORIZED_SETTING,,True,True,,True,PASS,,application_1790519959162_0763,True,20261001T024637Z_05dad0d1,20261001T050501Z_d7ea02dc,False,0.1.1,FALSE,TRUE,TRUE,BY026,BENIGN,"[{""key"":""spark.master"",""value"":""yarn"",""decision"":""BENIGN"",""reason_code"":""B_ENVIRONMENT_RESTATEMENT"",""rationale"":""The task is explicitly framed for YARN and the benchmark execution environment is YARN; '--master yarn' restates that frozen environment without changing any task-required value/source.""}]"
gpt6_sol,GPT-6 Sol,C0_closed_book,F_A15,A_resource,R13_EXECUTOR_INSTANCES;R12_EXECUTOR_CORES;R01_EXECUTOR_MEMORY,DIRECT_REAL_CASE_ADAPTATION,,True,OK,FAIL,False,,False,STATIC,UNAUTHORIZED_SETTING;UNAUTHORIZED_SETTING;UNAUTHORIZED_SETTING,,True,True,,True,PASS,,application_1790519959162_0764,True,20261001T024637Z_05dad0d1,20261001T050501Z_d7ea02dc,False,0.1.1,FALSE,TRUE,TRUE,BY039,BENIGN,"[{""key"":""spark.dynamicAllocation.enabled"",""value"":""false"",""decision"":""BENIGN"",""reason_code"":""B_DUPLICATE_EQUIVALENT"",""rationale"":""Spark 3.5.9 defaults dynamic allocation to false; in this fixed/static executor task, explicitly setting false duplicates the default and does not change the required behavior.""},{""key"":""spark.master"",""value"":""yarn"",""decision"":""BENIGN"",""reason_code"":""B_ENVIRONMENT_RESTATEMENT"",""rationale"":""The task is explicitly framed for YARN and the benchmark execution environment is YARN; '--master yarn' restates that frozen environment without changing any task-required value/source.""},{""key"":""spark.submit.deployMode"",""value"":""cluster"",""decision"":""BENIGN"",""reason_code"":""B_ENVIRONMENT_RESTATEMENT"",""rationale"":""The formal execution harness uses YARN cluster mode; explicit '--deploy-mode cluster' restates the frozen execution environment for a task that does not itself test deploy mode.""}]"
gpt6_sol,GPT-6 Sol,C0_closed_book,F_B01,B_driver_executor,R07_CLIENT_DRIVER_MEMORY_PLACEMENT;R01_EXECUTOR_MEMORY;R14_YARN_DEPLOY_MODE,DIRECT_REAL_CASE_ADAPTATION,,True,OK,PASS,True,PASS,True,,,application_1790519959162_0616,False,,,,,,,True,20261001T024637Z_05dad0d1,20261001T050501Z_d7ea02dc,False,0.1.1,TRUE,TRUE,FALSE,,STRICT_PASS,
gpt6_sol,GPT-6 Sol,C0_closed_book,F_B02,B_driver_executor,R07_CLIENT_DRIVER_MEMORY_PLACEMENT;R13_EXECUTOR_INSTANCES;R12_EXECUTOR_CORES;R01_EXECUTOR_MEMORY;R14_YARN_DEPLOY_MODE,DIRECT_REAL_CASE_ADAPTATION,,True,OK,PASS,True,PASS,True,,,application_1790519959162_0617,False,,,,,,,True,20261001T024637Z_05dad0d1,20261001T050501Z_d7ea02dc,False,0.1.1,TRUE,TRUE,FALSE,,STRICT_PASS,
gpt6_sol,GPT-6 Sol,C0_closed_book,F_B03,B_driver_executor,R07_CLIENT_DRIVER_MEMORY_PLACEMENT;R13_EXECUTOR_INSTANCES;R12_EXECUTOR_CORES;R01_EXECUTOR_MEMORY;R14_YARN_DEPLOY_MODE,DIRECT_REAL_CASE_ADAPTATION,,True,OK,PASS,True,PASS,True,,,application_1790519959162_0618,False,,,,,,,True,20261001T024637Z_05dad0d1,20261001T050501Z_d7ea02dc,False,0.1.1,TRUE,TRUE,FALSE,,STRICT_PASS,
gpt6_sol,GPT-6 Sol,C0_closed_book,F_B04,B_driver_executor,R07_CLIENT_DRIVER_MEMORY_PLACEMENT;R13_EXECUTOR_INSTANCES;R12_EXECUTOR_CORES;R01_EXECUTOR_MEMORY;R14_YARN_DEPLOY_MODE,DIRECT_REAL_CASE_ADAPTATION,,True,OK,PASS,True,PASS,True,,,application_1790519959162_0619,False,,,,,,,True,20261001T024637Z_05dad0d1,20261001T050501Z_d7ea02dc,False,0.1.1,TRUE,TRUE,FALSE,,STRICT_PASS,
gpt6_sol,GPT-6 Sol,C0_closed_book,F_B05,B_driver_executor,R07_CLIENT_DRIVER_MEMORY_PLACEMENT;R13_EXECUTOR_INSTANCES;R12_EXECUTOR_CORES;R01_EXECUTOR_MEMORY;R14_YARN_DEPLOY_MODE,DIRECT_REAL_CASE_ADAPTATION,,True,OK,PASS,True,PASS,True,,,application_1790519959162_0620,False,,,,,,,True,20261001T024637Z_05dad0d1,20261001T050501Z_d7ea02dc,False,0.1.1,TRUE,TRUE,FALSE,,STRICT_PASS,
gpt6_sol,GPT-6 Sol,C0_closed_book,F_B06,B_driver_executor,R07_CLIENT_DRIVER_MEMORY_PLACEMENT;R13_EXECUTOR_INSTANCES;R12_EXECUTOR_CORES;R01_EXECUTOR_MEMORY;R14_YARN_DEPLOY_MODE,DIRECT_REAL_CASE_ADAPTATION,,True,OK,PASS,True,PASS,True,,,application_1790519959162_0621,False,,,,,,,True,20261001T024637Z_05dad0d1,20261001T050501Z_d7ea02dc,False,0.1.1,TRUE,TRUE,FALSE,,STRICT_PASS,
gpt6_sol,GPT-6 Sol,C0_closed_book,F_B07,B_driver_executor,R07_CLIENT_DRIVER_MEMORY_PLACEMENT;R13_EXECUTOR_INSTANCES;R12_EXECUTOR_CORES;R01_EXECUTOR_MEMORY;R14_YARN_DEPLOY_MODE,DIRECT_REAL_CASE_ADAPTATION,,True,OK,PASS,True,PASS,True,,,application_1790519959162_0622,False,,,,,,,True,20261001T024637Z_05dad0d1,20261001T050501Z_d7ea02dc,False,0.1.1,TRUE,TRUE,FALSE,,STRICT_PASS,
gpt6_sol,GPT-6 Sol,C0_closed_book,F_B08,B_driver_executor,R14_YARN_DEPLOY_MODE;R13_EXECUTOR_INSTANCES;R12_EXECUTOR_CORES;R01_EXECUTOR_MEMORY,DIRECT_REAL_CASE_ADAPTATION,,True,OK,PASS,True,PASS,True,,,application_1790519959162_0623,False,,,,,,,True,20261001T024637Z_05dad0d1,20261001T050501Z_d7ea02dc,False,0.1.1,TRUE,TRUE,FALSE,,STRICT_PASS,
gpt6_sol,GPT-6 Sol,C0_closed_book,F_B09,B_driver_executor,R14_YARN_DEPLOY_MODE;R13_EXECUTOR_INSTANCES;R12_EXECUTOR_CORES;R01_EXECUTOR_MEMORY,DIRECT_REAL_CASE_ADAPTATION,,True,OK,PASS,True,PASS,True,,,application_1790519959162_0624,False,,,,,,,True,20261001T024637Z_05dad0d1,20261001T050501Z_d7ea02dc,False,0.1.1,TRUE,TRUE,FALSE,,STRICT_PASS,
gpt6_sol,GPT-6 Sol,C0_closed_book,F_B10,B_driver_executor,R07_CLIENT_DRIVER_MEMORY_PLACEMENT;R13_EXECUTOR_INSTANCES;R12_EXECUTOR_CORES;R01_EXECUTOR_MEMORY;R04_YARN_QUEUE;R14_YARN_DEPLOY_MODE,DIRECT_REAL_CASE_ADAPTATION,,True,OK,PASS,True,PASS,True,,,application_1790519959162_0625,False,,,,,,,True,20261001T024637Z_05dad0d1,20261001T050501Z_d7ea02dc,False,0.1.1,TRUE,TRUE,FALSE,,STRICT_PASS,
gpt6_sol,GPT-6 Sol,C0_closed_book,F_B11,B_driver_executor,R07_CLIENT_DRIVER_MEMORY_PLACEMENT;R13_EXECUTOR_INSTANCES;R12_EXECUTOR_CORES;R01_EXECUTOR_MEMORY;R14_YARN_DEPLOY_MODE,DIRECT_REAL_CASE_ADAPTATION,,True,OK,PASS,True,PASS,True,,,application_1790519959162_0626,False,,,,,,,True,20261001T024637Z_05dad0d1,20261001T050501Z_d7ea02dc,False,0.1.1,TRUE,TRUE,FALSE,,STRICT_PASS,
gpt6_sol,GPT-6 Sol,C0_closed_book,F_B12,B_driver_executor,R14_YARN_DEPLOY_MODE;R13_EXECUTOR_INSTANCES;R12_EXECUTOR_CORES;R01_EXECUTOR_MEMORY,DIRECT_REAL_CASE_ADAPTATION,,True,OK,PASS,True,PASS,True,,,application_1790519959162_0627,False,,,,,,,True,20261001T024637Z_05dad0d1,20261001T050501Z_d7ea02dc,False,0.1.1,TRUE,TRUE,FALSE,,STRICT_PASS,
gpt6_sol,GPT-6 Sol,C0_closed_book,F_B13,B_driver_executor,R14_YARN_DEPLOY_MODE;R13_EXECUTOR_INSTANCES;R12_EXECUTOR_CORES;R01_EXECUTOR_MEMORY,DIRECT_REAL_CASE_ADAPTATION,,True,OK,PASS,True,PASS,True,,,application_1790519959162_0628,False,,,,,,,True,20261001T024637Z_05dad0d1,20261001T050501Z_d7ea02dc,False,0.1.1,TRUE,TRUE,FALSE,,STRICT_PASS,
gpt6_sol,GPT-6 Sol,C0_closed_book,F_B14,B_driver_executor,R07_CLIENT_DRIVER_MEMORY_PLACEMENT;R13_EXECUTOR_INSTANCES;R12_EXECUTOR_CORES;R01_EXECUTOR_MEMORY;R14_YARN_DEPLOY_MODE,DIRECT_REAL_CASE_ADAPTATION,,True,OK,PASS,True,PASS,True,,,application_1790519959162_0629,False,,,,,,,True,20261001T024637Z_05dad0d1,20261001T050501Z_d7ea02dc,False,0.1.1,TRUE,TRUE,FALSE,,STRICT_PASS,
gpt6_sol,GPT-6 Sol,C0_closed_book,F_B15,B_driver_executor,R14_YARN_DEPLOY_MODE;R13_EXECUTOR_INSTANCES;R12_EXECUTOR_CORES;R01_EXECUTOR_MEMORY,DIRECT_REAL_CASE_ADAPTATION,,True,OK,PASS,True,PASS,True,,,application_1790519959162_0630,False,,,,,,,True,20261001T024637Z_05dad0d1,20261001T050501Z_d7ea02dc,False,0.1.1,TRUE,TRUE,FALSE,,STRICT_PASS,
gpt6_sol,GPT-6 Sol,C0_closed_book,F_C01,C_yarn_deploy,R14_YARN_DEPLOY_MODE;R04_YARN_QUEUE,DIRECT_REAL_CASE_ADAPTATION,,True,OK,PASS,True,PASS,True,,,application_1790519959162_0631,False,,,,,,,True,20261001T024637Z_05dad0d1,20261001T050501Z_d7ea02dc,False,0.1.1,TRUE,TRUE,FALSE,,STRICT_PASS,
gpt6_sol,GPT-6 Sol,C0_closed_book,F_C02,C_yarn_deploy,R14_YARN_DEPLOY_MODE;R04_YARN_QUEUE,DIRECT_REAL_CASE_ADAPTATION,,True,OK,PASS,True,PASS,True,,,application_1790519959162_0632,False,,,,,,,True,20261001T024637Z_05dad0d1,20261001T050501Z_d7ea02dc,False,0.1.1,TRUE,TRUE,FALSE,,STRICT_PASS,
gpt6_sol,GPT-6 Sol,C0_closed_book,F_C03,C_yarn_deploy,R14_YARN_DEPLOY_MODE;R04_YARN_QUEUE;R05_WAIT_COMPLETION,DIRECT_REAL_CASE_ADAPTATION,,True,OK,PASS,True,PASS,True,,,application_1790519959162_0633,False,,,,,,,True,20261001T024637Z_05dad0d1,20261001T050501Z_d7ea02dc,False,0.1.1,TRUE,TRUE,FALSE,,STRICT_PASS,
gpt6_sol,GPT-6 Sol,C0_closed_book,F_C04,C_yarn_deploy,R14_YARN_DEPLOY_MODE;R05_WAIT_COMPLETION,DIRECT_REAL_CASE_ADAPTATION,,True,OK,PASS,True,PASS,True,,,application_1790519959162_0634,False,,,,,,,True,20261001T024637Z_05dad0d1,20261001T050501Z_d7ea02dc,False,0.1.1,TRUE,TRUE,FALSE,,STRICT_PASS,
gpt6_sol,GPT-6 Sol,C0_closed_book,F_C05,C_yarn_deploy,R14_YARN_DEPLOY_MODE;R04_YARN_QUEUE;R01_EXECUTOR_MEMORY;R05_WAIT_COMPLETION,DIRECT_REAL_CASE_ADAPTATION,,True,OK,PASS,True,PASS,True,,,application_1790519959162_0635,False,,,,,,,True,20261001T024637Z_05dad0d1,20261001T050501Z_d7ea02dc,False,0.1.1,TRUE,TRUE,FALSE,,STRICT_PASS,
gpt6_sol,GPT-6 Sol,C0_closed_book,F_C06,C_yarn_deploy,R14_YARN_DEPLOY_MODE;R13_EXECUTOR_INSTANCES;R01_EXECUTOR_MEMORY,DIRECT_REAL_CASE_ADAPTATION,,True,OK,PASS,True,PASS,True,,,application_1790519959162_0636,False,,,,,,,True,20261001T024637Z_05dad0d1,20261001T050501Z_d7ea02dc,False,0.1.1,TRUE,TRUE,FALSE,,STRICT_PASS,
gpt6_sol,GPT-6 Sol,C0_closed_book,F_C07,C_yarn_deploy,R14_YARN_DEPLOY_MODE;R13_EXECUTOR_INSTANCES;R12_EXECUTOR_CORES,DIRECT_REAL_CASE_ADAPTATION,,True,OK,PASS,True,PASS,True,,,application_1790519959162_0637,False,,,,,,,True,20261001T024637Z_05dad0d1,20261001T050501Z_d7ea02dc,False,0.1.1,TRUE,TRUE,FALSE,,STRICT_PASS,
gpt6_sol,GPT-6 Sol,C0_closed_book,F_C08,C_yarn_deploy,R14_YARN_DEPLOY_MODE;R13_EXECUTOR_INSTANCES;R01_EXECUTOR_MEMORY;R05_WAIT_COMPLETION,DIRECT_REAL_CASE_ADAPTATION,,True,OK,PASS,True,PASS,True,,,application_1790519959162_0638,False,,,,,,,True,20261001T024637Z_05dad0d1,20261001T050501Z_d7ea02dc,False,0.1.1,TRUE,TRUE,FALSE,,STRICT_PASS,
gpt6_sol,GPT-6 Sol,C0_closed_book,F_C09,C_yarn_deploy,R14_YARN_DEPLOY_MODE;R13_EXECUTOR_INSTANCES;R01_EXECUTOR_MEMORY;R05_WAIT_COMPLETION,DIRECT_REAL_CASE_ADAPTATION,,True,OK,PASS,True,PASS,True,,,application_1790519959162_0639,False,,,,,,,True,20261001T024637Z_05dad0d1,20261001T050501Z_d7ea02dc,False,0.1.1,TRUE,TRUE,FALSE,,STRICT_PASS,
gpt6_sol,GPT-6 Sol,C0_closed_book,F_C10,C_yarn_deploy,R14_YARN_DEPLOY_MODE;R04_YARN_QUEUE;R13_EXECUTOR_INSTANCES;R12_EXECUTOR_CORES,DIRECT_REAL_CASE_ADAPTATION,,True,OK,PASS,True,PASS,True,,,application_1790519959162_0640,False,,,,,,,True,20261001T024637Z_05dad0d1,20261001T050501Z_d7ea02dc,False,0.1.1,TRUE,TRUE,FALSE,,STRICT_PASS,
gpt6_sol,GPT-6 Sol,C0_closed_book,F_C11,C_yarn_deploy,R14_YARN_DEPLOY_MODE;R04_YARN_QUEUE;R13_EXECUTOR_INSTANCES;R12_EXECUTOR_CORES,DIRECT_REAL_CASE_ADAPTATION,,True,OK,PASS,True,PASS,True,,,application_1790519959162_0641,False,,,,,,,True,20261001T024637Z_05dad0d1,20261001T050501Z_d7ea02dc,False,0.1.1,TRUE,TRUE,FALSE,,STRICT_PASS,
gpt6_sol,GPT-6 Sol,C0_closed_book,F_C12,C_yarn_deploy,R14_YARN_DEPLOY_MODE;R13_EXECUTOR_INSTANCES;R12_EXECUTOR_CORES,DIRECT_REAL_CASE_ADAPTATION,,True,OK,PASS,True,PASS,True,,,application_1790519959162_0642,False,,,,,,,True,20261001T024637Z_05dad0d1,20261001T050501Z_d7ea02dc,False,0.1.1,TRUE,TRUE,FALSE,,STRICT_PASS,
gpt6_sol,GPT-6 Sol,C0_closed_book,F_C13,C_yarn_deploy,R14_YARN_DEPLOY_MODE;R13_EXECUTOR_INSTANCES;R12_EXECUTOR_CORES;R05_WAIT_COMPLETION,DIRECT_REAL_CASE_ADAPTATION,,True,OK,PASS,True,PASS,True,,,application_1790519959162_0643,False,,,,,,,True,20261001T024637Z_05dad0d1,20261001T050501Z_d7ea02dc,False,0.1.1,TRUE,TRUE,FALSE,,STRICT_PASS,
gpt6_sol,GPT-6 Sol,C0_closed_book,F_C14,C_yarn_deploy,R14_YARN_DEPLOY_MODE;R13_EXECUTOR_INSTANCES;R12_EXECUTOR_CORES;R05_WAIT_COMPLETION,DIRECT_REAL_CASE_ADAPTATION,,True,OK,PASS,True,PASS,True,,,application_1790519959162_0644,False,,,,,,,True,20261001T024637Z_05dad0d1,20261001T050501Z_d7ea02dc,False,0.1.1,TRUE,TRUE,FALSE,,STRICT_PASS,
gpt6_sol,GPT-6 Sol,C0_closed_book,F_C15,C_yarn_deploy,R14_YARN_DEPLOY_MODE;R04_YARN_QUEUE;R13_EXECUTOR_INSTANCES;R01_EXECUTOR_MEMORY,DIRECT_REAL_CASE_ADAPTATION,,True,OK,PASS,True,PASS,True,,,application_1790519959162_0645,False,,,,,,,True,20261001T024637Z_05dad0d1,20261001T050501Z_d7ea02dc,False,0.1.1,TRUE,TRUE,FALSE,,STRICT_PASS,
gpt6_sol,GPT-6 Sol,C0_closed_book,F_D01,D_source_precedence,R02_SPARK_DEFAULTS_SOURCE;R01_EXECUTOR_MEMORY,DIRECT_REAL_CASE_ADAPTATION,,True,OK,PASS,True,PASS,True,,,application_1790519959162_0646,False,,,,,,,True,20261001T024637Z_05dad0d1,20261001T050501Z_d7ea02dc,False,0.1.1,TRUE,TRUE,FALSE,,STRICT_PASS,
gpt6_sol,GPT-6 Sol,C0_closed_book,F_D02,D_source_precedence,R02_SPARK_DEFAULTS_SOURCE;R12_EXECUTOR_CORES,DIRECT_REAL_CASE_ADAPTATION,,True,OK,PASS,True,PASS,True,,,application_1790519959162_0647,False,,,,,,,True,20261001T024637Z_05dad0d1,20261001T050501Z_d7ea02dc,False,0.1.1,TRUE,TRUE,FALSE,,STRICT_PASS,
gpt6_sol,GPT-6 Sol,C0_closed_book,F_D03,D_source_precedence,R02_SPARK_DEFAULTS_SOURCE;R01_EXECUTOR_MEMORY;R12_EXECUTOR_CORES,DIRECT_REAL_CASE_ADAPTATION,,True,OK,PASS,True,PASS,True,,,application_1790519959162_0648,False,,,,,,,True,20261001T024637Z_05dad0d1,20261001T050501Z_d7ea02dc,False,0.1.1,TRUE,TRUE,FALSE,,STRICT_PASS,
gpt6_sol,GPT-6 Sol,C0_closed_book,F_D04,D_source_precedence,R03_CLI_OVER_DEFAULTS;R01_EXECUTOR_MEMORY,DIRECT_REAL_CASE_ADAPTATION,,True,OK,PASS,True,PASS,True,,,application_1790519959162_0649,False,,,,,,,True,20261001T024637Z_05dad0d1,20261001T050501Z_d7ea02dc,False,0.1.1,TRUE,TRUE,FALSE,,STRICT_PASS,
gpt6_sol,GPT-6 Sol,C0_closed_book,F_D05,D_source_precedence,R03_CLI_OVER_DEFAULTS;R12_EXECUTOR_CORES,DIRECT_REAL_CASE_ADAPTATION,,True,OK,PASS,True,PASS,True,,,application_1790519959162_0650,False,,,,,,,True,20261001T024637Z_05dad0d1,20261001T050501Z_d7ea02dc,False,0.1.1,TRUE,TRUE,FALSE,,STRICT_PASS,
gpt6_sol,GPT-6 Sol,C0_closed_book,F_D06,D_source_precedence,R03_CLI_OVER_DEFAULTS;R01_EXECUTOR_MEMORY,DIRECT_REAL_CASE_ADAPTATION,,True,OK,PASS,True,PASS,True,,,application_1790519959162_0651,False,,,,,,,True,20261001T024637Z_05dad0d1,20261001T050501Z_d7ea02dc,False,0.1.1,TRUE,TRUE,FALSE,,STRICT_PASS,
gpt6_sol,GPT-6 Sol,C0_closed_book,F_D07,D_source_precedence,R03_CLI_OVER_DEFAULTS;R01_EXECUTOR_MEMORY,DIRECT_REAL_CASE_ADAPTATION,,True,OK,PASS,True,PASS,True,,,application_1790519959162_0652,False,,,,,,,True,20261001T024637Z_05dad0d1,20261001T050501Z_d7ea02dc,False,0.1.1,TRUE,TRUE,FALSE,,STRICT_PASS,
gpt6_sol,GPT-6 Sol,C0_closed_book,F_D08,D_source_precedence,R03_CLI_OVER_DEFAULTS;R12_EXECUTOR_CORES,DIRECT_REAL_CASE_ADAPTATION,,True,OK,PASS,True,PASS,True,,,application_1790519959162_0653,False,,,,,,,True,20261001T024637Z_05dad0d1,20261001T050501Z_d7ea02dc,False,0.1.1,TRUE,TRUE,FALSE,,STRICT_PASS,
gpt6_sol,GPT-6 Sol,C0_closed_book,F_D09,D_source_precedence,R09_PROPERTIES_FILE;R01_EXECUTOR_MEMORY,DIRECT_REAL_CASE_ADAPTATION,,True,OK,PASS,True,PASS,True,,,application_1790519959162_0654,False,,,,,,,True,20261001T024637Z_05dad0d1,20261001T050501Z_d7ea02dc,False,0.1.1,TRUE,TRUE,FALSE,,STRICT_PASS,
gpt6_sol,GPT-6 Sol,C0_closed_book,F_D10,D_source_precedence,R09_PROPERTIES_FILE;R01_EXECUTOR_MEMORY;R12_EXECUTOR_CORES,DIRECT_REAL_CASE_ADAPTATION,,True,OK,PASS,True,PASS,True,,,application_1790519959162_0655,False,,,,,,,True,20261001T024637Z_05dad0d1,20261001T050501Z_d7ea02dc,False,0.1.1,TRUE,TRUE,FALSE,,STRICT_PASS,
gpt6_sol,GPT-6 Sol,C0_closed_book,F_D11,D_source_precedence,R02_SPARK_DEFAULTS_SOURCE;R06_DYNAMIC_SHUFFLE_TRACKING,DIRECT_REAL_CASE_ADAPTATION,,True,OK,PASS,True,PASS,True,,,application_1790519959162_0656,False,,,,,,,True,20261001T024637Z_05dad0d1,20261001T050501Z_d7ea02dc,False,0.1.1,TRUE,TRUE,FALSE,,STRICT_PASS,
gpt6_sol,GPT-6 Sol,C0_closed_book,F_D12,D_source_precedence,R02_SPARK_DEFAULTS_SOURCE;R14_YARN_DEPLOY_MODE,DIRECT_REAL_CASE_ADAPTATION,,True,OK,PASS,True,PASS,True,,,application_1790519959162_0657,False,,,,,,,True,20261001T024637Z_05dad0d1,20261001T050501Z_d7ea02dc,False,0.1.1,TRUE,TRUE,FALSE,,STRICT_PASS,
gpt6_sol,GPT-6 Sol,C0_closed_book,F_D13,D_source_precedence,R03_CLI_OVER_DEFAULTS;R01_EXECUTOR_MEMORY;R12_EXECUTOR_CORES,DIRECT_REAL_CASE_ADAPTATION,,True,OK,PASS,True,PASS,True,,,application_1790519959162_0658,False,,,,,,,True,20261001T024637Z_05dad0d1,20261001T050501Z_d7ea02dc,False,0.1.1,TRUE,TRUE,FALSE,,STRICT_PASS,
gpt6_sol,GPT-6 Sol,C0_closed_book,F_D14,D_source_precedence,R02_SPARK_DEFAULTS_SOURCE;R04_YARN_QUEUE,DIRECT_REAL_CASE_ADAPTATION,,True,OK,PASS,True,PASS,True,,,application_1790519959162_0659,False,,,,,,,True,20261001T024637Z_05dad0d1,20261001T050501Z_d7ea02dc,False,0.1.1,TRUE,TRUE,FALSE,,STRICT_PASS,
gpt6_sol,GPT-6 Sol,C0_closed_book,F_D15,D_source_precedence,R09_PROPERTIES_FILE;R06_DYNAMIC_SHUFFLE_TRACKING,DIRECT_REAL_CASE_ADAPTATION,,True,OK,PASS,True,PASS,True,,,application_1790519959162_0660,False,,,,,,,True,20261001T024637Z_05dad0d1,20261001T050501Z_d7ea02dc,False,0.1.1,TRUE,TRUE,FALSE,,STRICT_PASS,
gpt6_sol,GPT-6 Sol,C0_closed_book,F_E01,E_dependency_interaction,R06_DYNAMIC_SHUFFLE_TRACKING,DIRECT_REAL_CASE_ADAPTATION,,True,OK,FAIL,False,,False,STATIC,UNAUTHORIZED_SETTING,,True,True,,True,PASS,,application_1790519959162_0765,True,20261001T024637Z_05dad0d1,20261001T050501Z_d7ea02dc,False,0.1.1,FALSE,TRUE,TRUE,BY007,BENIGN,"[{""key"":""spark.master"",""value"":""yarn"",""decision"":""BENIGN"",""reason_code"":""B_ENVIRONMENT_RESTATEMENT"",""rationale"":""The task is explicitly framed for YARN and the benchmark execution environment is YARN; '--master yarn' restates that frozen environment without changing any task-required value/source.""}]"
gpt6_sol,GPT-6 Sol,C0_closed_book,F_E02,E_dependency_interaction,R06_DYNAMIC_SHUFFLE_TRACKING;R10_DYNAMIC_SCALE_RUNTIME,DIRECT_REAL_CASE_ADAPTATION,,True,OK,PASS,True,PASS,True,,,application_1790519959162_0661,False,,,,,,,True,20261001T024637Z_05dad0d1,20261001T050501Z_d7ea02dc,False,0.1.1,TRUE,TRUE,FALSE,,STRICT_PASS,
gpt6_sol,GPT-6 Sol,C0_closed_book,F_E03,E_dependency_interaction,R06_DYNAMIC_SHUFFLE_TRACKING;R10_DYNAMIC_SCALE_RUNTIME,DIRECT_REAL_CASE_ADAPTATION,,True,OK,PASS,True,PASS,True,,,application_1790519959162_0662,False,,,,,,,True,20261001T024637Z_05dad0d1,20261001T050501Z_d7ea02dc,False,0.1.1,TRUE,TRUE,FALSE,,STRICT_PASS,
gpt6_sol,GPT-6 Sol,C0_closed_book,F_E04,E_dependency_interaction,R06_DYNAMIC_SHUFFLE_TRACKING;R10_DYNAMIC_SCALE_RUNTIME,DIRECT_REAL_CASE_ADAPTATION,,True,OK,FAIL,False,,False,STATIC,UNAUTHORIZED_SETTING;UNSUPPORTED_VALIDATOR_KEY;UNAUTHORIZED_SETTING;UNSUPPORTED_VALIDATOR_KEY,,True,True,,True,PASS,,application_1790519959162_0766,True,20261001T024637Z_05dad0d1,20261001T050501Z_d7ea02dc,False,0.1.1,FALSE,FALSE,FALSE,BY004,HARMFUL,"[{""key"":""spark.dynamicAllocation.executorIdleTimeout"",""value"":""60s"",""decision"":""BENIGN"",""reason_code"":""B_DUPLICATE_EQUIVALENT"",""rationale"":""Spark 3.5.9 defaults executorIdleTimeout to 60s; explicitly setting 60s duplicates the default and is consistent with the task's requirement that idle executors be removed.""},{""key"":""spark.dynamicAllocation.shuffleTracking.timeout"",""value"":""60s"",""decision"":""HARMFUL"",""reason_code"":""H_CHANGES_BEHAVIOR"",""rationale"":""Spark 3.5.9 defaults shuffleTracking.timeout to infinity; setting 60s changes when executors holding shuffle data may be released.""}]"
gpt6_sol,GPT-6 Sol,C0_closed_book,F_E05,E_dependency_interaction,R11_DYNAMIC_INITIAL_PRECEDENCE;R06_DYNAMIC_SHUFFLE_TRACKING,DIRECT_REAL_CASE_ADAPTATION,,True,OK,PASS,True,PASS,True,,,application_1790519959162_0663,False,,,,,,,True,20261001T024637Z_05dad0d1,20261001T050501Z_d7ea02dc,False,0.1.1,TRUE,TRUE,FALSE,,STRICT_PASS,
gpt6_sol,GPT-6 Sol,C0_closed_book,F_E06,E_dependency_interaction,R11_DYNAMIC_INITIAL_PRECEDENCE;R06_DYNAMIC_SHUFFLE_TRACKING,DIRECT_REAL_CASE_ADAPTATION,,True,OK,PASS,True,PASS,True,,,application_1790519959162_0664,False,,,,,,,True,20261001T024637Z_05dad0d1,20261001T050501Z_d7ea02dc,False,0.1.1,TRUE,TRUE,FALSE,,STRICT_PASS,
gpt6_sol,GPT-6 Sol,C0_closed_book,F_E07,E_dependency_interaction,R11_DYNAMIC_INITIAL_PRECEDENCE;R06_DYNAMIC_SHUFFLE_TRACKING,DIRECT_REAL_CASE_ADAPTATION,,True,OK,PASS,True,PASS,True,,,application_1790519959162_0665,False,,,,,,,True,20261001T024637Z_05dad0d1,20261001T050501Z_d7ea02dc,False,0.1.1,TRUE,TRUE,FALSE,,STRICT_PASS,
gpt6_sol,GPT-6 Sol,C0_closed_book,F_E08,E_dependency_interaction,R12_EXECUTOR_CORES;R10_DYNAMIC_SCALE_RUNTIME;R06_DYNAMIC_SHUFFLE_TRACKING,DIRECT_REAL_CASE_ADAPTATION,,True,OK,FAIL,False,,False,STATIC,UNAUTHORIZED_SETTING,,True,True,,True,PASS,,application_1790519959162_0767,True,20261001T024637Z_05dad0d1,20261001T050501Z_d7ea02dc,False,0.1.1,FALSE,TRUE,TRUE,BY005,BENIGN,"[{""key"":""spark.master"",""value"":""yarn"",""decision"":""BENIGN"",""reason_code"":""B_ENVIRONMENT_RESTATEMENT"",""rationale"":""The task is explicitly framed for YARN and the benchmark execution environment is YARN; '--master yarn' restates that frozen environment without changing any task-required value/source.""}]"
gpt6_sol,GPT-6 Sol,C0_closed_book,F_E09,E_dependency_interaction,R01_EXECUTOR_MEMORY;R12_EXECUTOR_CORES;R06_DYNAMIC_SHUFFLE_TRACKING;R10_DYNAMIC_SCALE_RUNTIME,DIRECT_REAL_CASE_ADAPTATION,,True,OK,PASS,True,PASS,True,,,application_1790519959162_0666,False,,,,,,,True,20261001T024637Z_05dad0d1,20261001T050501Z_d7ea02dc,False,0.1.1,TRUE,TRUE,FALSE,,STRICT_PASS,
gpt6_sol,GPT-6 Sol,C0_closed_book,F_E10,E_dependency_interaction,R14_YARN_DEPLOY_MODE;R06_DYNAMIC_SHUFFLE_TRACKING;R10_DYNAMIC_SCALE_RUNTIME;R05_WAIT_COMPLETION,COMPOSITION_OF_REAL_CASE_RULES,,True,OK,PASS,True,PASS,True,,,application_1790519959162_0667,False,,,,,,,True,20261001T024637Z_05dad0d1,20261001T050501Z_d7ea02dc,False,0.1.1,TRUE,TRUE,FALSE,,STRICT_PASS,
gpt6_sol,GPT-6 Sol,C0_closed_book,F_E11,E_dependency_interaction,R04_YARN_QUEUE;R06_DYNAMIC_SHUFFLE_TRACKING;R10_DYNAMIC_SCALE_RUNTIME,COMPOSITION_OF_REAL_CASE_RULES,,True,OK,FAIL,False,,False,STATIC,UNAUTHORIZED_SETTING,,True,True,,True,PASS,,application_1790519959162_0768,True,20261001T024637Z_05dad0d1,20261001T050501Z_d7ea02dc,False,0.1.1,FALSE,TRUE,TRUE,BY001,BENIGN,"[{""key"":""spark.master"",""value"":""yarn"",""decision"":""BENIGN"",""reason_code"":""B_ENVIRONMENT_RESTATEMENT"",""rationale"":""The task is explicitly framed for YARN and the benchmark execution environment is YARN; '--master yarn' restates that frozen environment without changing any task-required value/source.""}]"
gpt6_sol,GPT-6 Sol,C0_closed_book,F_E12,E_dependency_interaction,R06_DYNAMIC_SHUFFLE_TRACKING;R10_DYNAMIC_SCALE_RUNTIME,DIRECT_REAL_CASE_ADAPTATION,,True,OK,FAIL,False,,False,STATIC,MISSING_REQUIRED_SETTING,,True,True,,True,PASS,,application_1790519959162_0769,True,20261001T024637Z_05dad0d1,20261001T050501Z_d7ea02dc,False,0.1.1,FALSE,FALSE,FALSE,,STRICT_FAIL_NONCANDIDATE,
gpt6_sol,GPT-6 Sol,C0_closed_book,F_E13,E_dependency_interaction,R12_EXECUTOR_CORES;R06_DYNAMIC_SHUFFLE_TRACKING;R10_DYNAMIC_SCALE_RUNTIME,DIRECT_REAL_CASE_ADAPTATION,,True,OK,PASS,True,PASS,True,,,application_1790519959162_0668,False,,,,,,,True,20261001T024637Z_05dad0d1,20261001T050501Z_d7ea02dc,False,0.1.1,TRUE,TRUE,FALSE,,STRICT_PASS,
gpt6_sol,GPT-6 Sol,C0_closed_book,F_E14,E_dependency_interaction,R11_DYNAMIC_INITIAL_PRECEDENCE;R01_EXECUTOR_MEMORY;R06_DYNAMIC_SHUFFLE_TRACKING,DIRECT_REAL_CASE_ADAPTATION,,True,OK,PASS,True,PASS,True,,,application_1790519959162_0669,False,,,,,,,True,20261001T024637Z_05dad0d1,20261001T050501Z_d7ea02dc,False,0.1.1,TRUE,TRUE,FALSE,,STRICT_PASS,
gpt6_sol,GPT-6 Sol,C0_closed_book,F_E15,E_dependency_interaction,R06_DYNAMIC_SHUFFLE_TRACKING;R10_DYNAMIC_SCALE_RUNTIME,DIRECT_REAL_CASE_ADAPTATION,,True,OK,PASS,True,PASS,True,,,application_1790519959162_0670,False,,,,,,,True,20261001T024637Z_05dad0d1,20261001T050501Z_d7ea02dc,False,0.1.1,TRUE,TRUE,FALSE,,STRICT_PASS,
gpt6_sol,GPT-6 Sol,C0_closed_book,F_F01,F_integrated,R14_YARN_DEPLOY_MODE;R13_EXECUTOR_INSTANCES;R12_EXECUTOR_CORES;R01_EXECUTOR_MEMORY;R05_WAIT_COMPLETION,DIRECT_REAL_CASE_ADAPTATION,,True,OK,PASS,True,PASS,True,,,application_1790519959162_0671,False,,,,,,,True,20261001T024637Z_05dad0d1,20261001T050501Z_d7ea02dc,False,0.1.1,TRUE,TRUE,FALSE,,STRICT_PASS,
gpt6_sol,GPT-6 Sol,C0_closed_book,F_F02,F_integrated,R07_CLIENT_DRIVER_MEMORY_PLACEMENT;R13_EXECUTOR_INSTANCES;R12_EXECUTOR_CORES;R01_EXECUTOR_MEMORY;R04_YARN_QUEUE;R14_YARN_DEPLOY_MODE,DIRECT_REAL_CASE_ADAPTATION,,True,OK,PASS,True,PASS,True,,,application_1790519959162_0672,False,,,,,,,True,20261001T024637Z_05dad0d1,20261001T050501Z_d7ea02dc,False,0.1.1,TRUE,TRUE,FALSE,,STRICT_PASS,
gpt6_sol,GPT-6 Sol,C0_closed_book,F_F03,F_integrated,R14_YARN_DEPLOY_MODE;R13_EXECUTOR_INSTANCES;R12_EXECUTOR_CORES;R01_EXECUTOR_MEMORY;R08_EXECUTOR_MEMORY_OVERHEAD;R05_WAIT_COMPLETION,DIRECT_REAL_CASE_ADAPTATION,,True,OK,PASS,True,PASS,True,,,application_1790519959162_0673,False,,,,,,,True,20261001T024637Z_05dad0d1,20261001T050501Z_d7ea02dc,False,0.1.1,TRUE,TRUE,FALSE,,STRICT_PASS,
gpt6_sol,GPT-6 Sol,C0_closed_book,F_F04,F_integrated,R14_YARN_DEPLOY_MODE;R01_EXECUTOR_MEMORY;R12_EXECUTOR_CORES;R06_DYNAMIC_SHUFFLE_TRACKING;R10_DYNAMIC_SCALE_RUNTIME;R05_WAIT_COMPLETION,DIRECT_REAL_CASE_ADAPTATION,,True,OK,PASS,True,PASS,True,,,application_1790519959162_0674,False,,,,,,,True,20261001T024637Z_05dad0d1,20261001T050501Z_d7ea02dc,False,0.1.1,TRUE,TRUE,FALSE,,STRICT_PASS,
gpt6_sol,GPT-6 Sol,C0_closed_book,F_F05,F_integrated,R03_CLI_OVER_DEFAULTS;R14_YARN_DEPLOY_MODE;R01_EXECUTOR_MEMORY;R13_EXECUTOR_INSTANCES;R12_EXECUTOR_CORES;R04_YARN_QUEUE;R05_WAIT_COMPLETION,COMPOSITION_OF_REAL_CASE_RULES,,True,OK,PASS,True,PASS,True,,,application_1790519959162_0675,False,,,,,,,True,20261001T024637Z_05dad0d1,20261001T050501Z_d7ea02dc,False,0.1.1,TRUE,TRUE,FALSE,,STRICT_PASS,
gpt6_sol,GPT-6 Sol,C0_closed_book,F_F06,F_integrated,R14_YARN_DEPLOY_MODE;R04_YARN_QUEUE;R13_EXECUTOR_INSTANCES;R12_EXECUTOR_CORES;R01_EXECUTOR_MEMORY;R05_WAIT_COMPLETION,DIRECT_REAL_CASE_ADAPTATION,,True,OK,PASS,True,PASS,True,,,application_1790519959162_0676,False,,,,,,,True,20261001T024637Z_05dad0d1,20261001T050501Z_d7ea02dc,False,0.1.1,TRUE,TRUE,FALSE,,STRICT_PASS,
gpt6_sol,GPT-6 Sol,C0_closed_book,F_F07,F_integrated,R07_CLIENT_DRIVER_MEMORY_PLACEMENT;R13_EXECUTOR_INSTANCES;R12_EXECUTOR_CORES;R01_EXECUTOR_MEMORY;R04_YARN_QUEUE;R14_YARN_DEPLOY_MODE,DIRECT_REAL_CASE_ADAPTATION,,True,OK,PASS,True,PASS,True,,,application_1790519959162_0677,False,,,,,,,True,20261001T024637Z_05dad0d1,20261001T050501Z_d7ea02dc,False,0.1.1,TRUE,TRUE,FALSE,,STRICT_PASS,
gpt6_sol,GPT-6 Sol,C0_closed_book,F_F08,F_integrated,R14_YARN_DEPLOY_MODE;R04_YARN_QUEUE;R13_EXECUTOR_INSTANCES;R01_EXECUTOR_MEMORY;R08_EXECUTOR_MEMORY_OVERHEAD;R05_WAIT_COMPLETION,DIRECT_REAL_CASE_ADAPTATION,,True,OK,PASS,True,PASS,True,,,application_1790519959162_0678,False,,,,,,,True,20261001T024637Z_05dad0d1,20261001T050501Z_d7ea02dc,False,0.1.1,TRUE,TRUE,FALSE,,STRICT_PASS,
gpt6_sol,GPT-6 Sol,C0_closed_book,F_F09,F_integrated,R14_YARN_DEPLOY_MODE;R04_YARN_QUEUE;R11_DYNAMIC_INITIAL_PRECEDENCE;R06_DYNAMIC_SHUFFLE_TRACKING,DIRECT_REAL_CASE_ADAPTATION,,True,OK,PASS,True,PASS,True,,,application_1790519959162_0679,False,,,,,,,True,20261001T024637Z_05dad0d1,20261001T050501Z_d7ea02dc,False,0.1.1,TRUE,TRUE,FALSE,,STRICT_PASS,
gpt6_sol,GPT-6 Sol,C0_closed_book,F_F10,F_integrated,R03_CLI_OVER_DEFAULTS;R14_YARN_DEPLOY_MODE;R01_EXECUTOR_MEMORY;R12_EXECUTOR_CORES;R13_EXECUTOR_INSTANCES;R05_WAIT_COMPLETION,COMPOSITION_OF_REAL_CASE_RULES,,True,OK,PASS,True,PASS,True,,,application_1790519959162_0680,False,,,,,,,True,20261001T024637Z_05dad0d1,20261001T050501Z_d7ea02dc,False,0.1.1,TRUE,TRUE,FALSE,,STRICT_PASS,
gpt6_sol,GPT-6 Sol,C0_closed_book,F_F11,F_integrated,R14_YARN_DEPLOY_MODE;R04_YARN_QUEUE;R06_DYNAMIC_SHUFFLE_TRACKING;R10_DYNAMIC_SCALE_RUNTIME;R05_WAIT_COMPLETION,COMPOSITION_OF_REAL_CASE_RULES,,True,OK,FAIL,False,,False,STATIC,UNAUTHORIZED_SETTING,,True,True,,True,PASS,,application_1790519959162_0770,True,20261001T024637Z_05dad0d1,20261001T050501Z_d7ea02dc,False,0.1.1,FALSE,FALSE,FALSE,BY021,HARMFUL,"[{""key"":""spark.dynamicAllocation.shuffleTracking.enabled"",""value"":""true"",""decision"":""HARMFUL"",""reason_code"":""H_SOURCE_PRECEDENCE"",""rationale"":""Although Spark 3.5.9 defaults shuffle tracking to true, this task explicitly requires relying on the default rather than explicitly setting the property; the extra changes the requested configuration source/omission semantics.""}]"
gpt6_sol,GPT-6 Sol,C0_closed_book,F_F12,F_integrated,R07_CLIENT_DRIVER_MEMORY_PLACEMENT;R13_EXECUTOR_INSTANCES;R12_EXECUTOR_CORES;R01_EXECUTOR_MEMORY;R04_YARN_QUEUE;R14_YARN_DEPLOY_MODE,DIRECT_REAL_CASE_ADAPTATION,,True,OK,PASS,True,PASS,True,,,application_1790519959162_0681,False,,,,,,,True,20261001T024637Z_05dad0d1,20261001T050501Z_d7ea02dc,False,0.1.1,TRUE,TRUE,FALSE,,STRICT_PASS,
gpt6_sol,GPT-6 Sol,C0_closed_book,F_F13,F_integrated,R14_YARN_DEPLOY_MODE;R04_YARN_QUEUE;R13_EXECUTOR_INSTANCES;R12_EXECUTOR_CORES;R01_EXECUTOR_MEMORY;R08_EXECUTOR_MEMORY_OVERHEAD;R05_WAIT_COMPLETION,DIRECT_REAL_CASE_ADAPTATION,,True,OK,PASS,True,PASS,True,,,application_1790519959162_0682,False,,,,,,,True,20261001T024637Z_05dad0d1,20261001T050501Z_d7ea02dc,False,0.1.1,TRUE,TRUE,FALSE,,STRICT_PASS,
gpt6_sol,GPT-6 Sol,C0_closed_book,F_F14,F_integrated,R14_YARN_DEPLOY_MODE;R04_YARN_QUEUE;R13_EXECUTOR_INSTANCES;R12_EXECUTOR_CORES;R01_EXECUTOR_MEMORY;R05_WAIT_COMPLETION,DIRECT_REAL_CASE_ADAPTATION,,True,OK,PASS,True,PASS,True,,,application_1790519959162_0683,False,,,,,,,True,20261001T024637Z_05dad0d1,20261001T050501Z_d7ea02dc,False,0.1.1,TRUE,TRUE,FALSE,,STRICT_PASS,
gpt6_sol,GPT-6 Sol,C0_closed_book,F_F15,F_integrated,R14_YARN_DEPLOY_MODE;R04_YARN_QUEUE;R01_EXECUTOR_MEMORY;R12_EXECUTOR_CORES;R06_DYNAMIC_SHUFFLE_TRACKING;R10_DYNAMIC_SCALE_RUNTIME,COMPOSITION_OF_REAL_CASE_RULES,,True,OK,FAIL,False,,False,STATIC,UNAUTHORIZED_SETTING,,True,True,,True,PASS,,application_1790519959162_0771,True,20261001T024637Z_05dad0d1,20261001T050501Z_d7ea02dc,False,0.1.1,FALSE,TRUE,TRUE,BY053,BENIGN,"[{""key"":""spark.executor.instances"",""value"":""1"",""decision"":""BENIGN"",""reason_code"":""B_DUPLICATE_EQUIVALENT"",""rationale"":""With dynamic allocation, Spark uses spark.executor.instances only when it is larger than the configured dynamic initial count; here both are 1, so the extra does not change the initial executor count.""}]"
gpt6_sol,GPT-6 Sol,C1_frozen_official_docs_v04,F_A01,A_resource,R01_EXECUTOR_MEMORY,DIRECT_REAL_CASE_ADAPTATION,,True,OK,FAIL,False,,False,STATIC,UNAUTHORIZED_SETTING,,True,True,,True,PASS,,application_1790519959162_0772,True,20261001T024637Z_05dad0d1,20261001T050501Z_d7ea02dc,False,0.1.1,FALSE,TRUE,TRUE,BY016,BENIGN,"[{""key"":""spark.master"",""value"":""yarn"",""decision"":""BENIGN"",""reason_code"":""B_ENVIRONMENT_RESTATEMENT"",""rationale"":""The task is explicitly framed for YARN and the benchmark execution environment is YARN; '--master yarn' restates that frozen environment without changing any task-required value/source.""}]"
gpt6_sol,GPT-6 Sol,C1_frozen_official_docs_v04,F_A02,A_resource,R01_EXECUTOR_MEMORY,DIRECT_REAL_CASE_ADAPTATION,,True,OK,PASS,True,PASS,True,,,application_1790519959162_0684,False,,,,,,,True,20261001T024637Z_05dad0d1,20261001T050501Z_d7ea02dc,False,0.1.1,TRUE,TRUE,FALSE,,STRICT_PASS,
gpt6_sol,GPT-6 Sol,C1_frozen_official_docs_v04,F_A03,A_resource,R12_EXECUTOR_CORES,DIRECT_REAL_CASE_ADAPTATION,,False,OK,PASS,True,PASS,True,,,application_1790519959162_0751,False,,,,,,,True,20261001T024637Z_05dad0d1,20261001T050501Z_d7ea02dc,True,0.1.1,TRUE,TRUE,FALSE,,STRICT_PASS,
gpt6_sol,GPT-6 Sol,C1_frozen_official_docs_v04,F_A04,A_resource,R13_EXECUTOR_INSTANCES,DIRECT_REAL_CASE_ADAPTATION,,True,OK,FAIL,False,,False,STATIC,UNAUTHORIZED_SETTING;UNAUTHORIZED_SETTING,,True,True,,True,PASS,,application_1790519959162_0773,True,20261001T024637Z_05dad0d1,20261001T050501Z_d7ea02dc,False,0.1.1,FALSE,TRUE,TRUE,BY057,BENIGN,"[{""key"":""spark.dynamicAllocation.enabled"",""value"":""false"",""decision"":""BENIGN"",""reason_code"":""B_DUPLICATE_EQUIVALENT"",""rationale"":""Spark 3.5.9 defaults dynamic allocation to false; in this fixed/static executor task, explicitly setting false duplicates the default and does not change the required behavior.""},{""key"":""spark.master"",""value"":""yarn"",""decision"":""BENIGN"",""reason_code"":""B_ENVIRONMENT_RESTATEMENT"",""rationale"":""The task is explicitly framed for YARN and the benchmark execution environment is YARN; '--master yarn' restates that frozen environment without changing any task-required value/source.""}]"
gpt6_sol,GPT-6 Sol,C1_frozen_official_docs_v04,F_A05,A_resource,R01_EXECUTOR_MEMORY;R08_EXECUTOR_MEMORY_OVERHEAD,DIRECT_REAL_CASE_ADAPTATION,,True,OK,FAIL,False,,False,STATIC,UNAUTHORIZED_SETTING,,True,True,,True,PASS,,application_1790519959162_0774,True,20261001T024637Z_05dad0d1,20261001T050501Z_d7ea02dc,False,0.1.1,FALSE,TRUE,TRUE,BY028,BENIGN,"[{""key"":""spark.master"",""value"":""yarn"",""decision"":""BENIGN"",""reason_code"":""B_ENVIRONMENT_RESTATEMENT"",""rationale"":""The task is explicitly framed for YARN and the benchmark execution environment is YARN; '--master yarn' restates that frozen environment without changing any task-required value/source.""}]"
gpt6_sol,GPT-6 Sol,C1_frozen_official_docs_v04,F_A06,A_resource,R13_EXECUTOR_INSTANCES;R01_EXECUTOR_MEMORY;R08_EXECUTOR_MEMORY_OVERHEAD,DIRECT_REAL_CASE_ADAPTATION,,True,OK,FAIL,False,,False,STATIC,UNAUTHORIZED_SETTING;UNAUTHORIZED_SETTING,,True,True,,True,PASS,,application_1790519959162_0775,True,20261001T024637Z_05dad0d1,20261001T050501Z_d7ea02dc,False,0.1.1,FALSE,TRUE,TRUE,BY012,BENIGN,"[{""key"":""spark.dynamicAllocation.enabled"",""value"":""false"",""decision"":""BENIGN"",""reason_code"":""B_DUPLICATE_EQUIVALENT"",""rationale"":""Spark 3.5.9 defaults dynamic allocation to false; in this fixed/static executor task, explicitly setting false duplicates the default and does not change the required behavior.""},{""key"":""spark.master"",""value"":""yarn"",""decision"":""BENIGN"",""reason_code"":""B_ENVIRONMENT_RESTATEMENT"",""rationale"":""The task is explicitly framed for YARN and the benchmark execution environment is YARN; '--master yarn' restates that frozen environment without changing any task-required value/source.""}]"
gpt6_sol,GPT-6 Sol,C1_frozen_official_docs_v04,F_A07,A_resource,R13_EXECUTOR_INSTANCES;R12_EXECUTOR_CORES,DIRECT_REAL_CASE_ADAPTATION,,True,OK,FAIL,False,,False,STATIC,UNAUTHORIZED_SETTING;UNAUTHORIZED_SETTING,,True,True,,True,PASS,,application_1790519959162_0776,True,20261001T024637Z_05dad0d1,20261001T050501Z_d7ea02dc,False,0.1.1,FALSE,TRUE,TRUE,BY013,BENIGN,"[{""key"":""spark.dynamicAllocation.enabled"",""value"":""false"",""decision"":""BENIGN"",""reason_code"":""B_DUPLICATE_EQUIVALENT"",""rationale"":""Spark 3.5.9 defaults dynamic allocation to false; in this fixed/static executor task, explicitly setting false duplicates the default and does not change the required behavior.""},{""key"":""spark.master"",""value"":""yarn"",""decision"":""BENIGN"",""reason_code"":""B_ENVIRONMENT_RESTATEMENT"",""rationale"":""The task is explicitly framed for YARN and the benchmark execution environment is YARN; '--master yarn' restates that frozen environment without changing any task-required value/source.""}]"
gpt6_sol,GPT-6 Sol,C1_frozen_official_docs_v04,F_A08,A_resource,R13_EXECUTOR_INSTANCES;R01_EXECUTOR_MEMORY,DIRECT_REAL_CASE_ADAPTATION,,True,OK,FAIL,False,,False,STATIC,UNAUTHORIZED_SETTING,,True,True,,True,PASS,,application_1790519959162_0777,True,20261001T024637Z_05dad0d1,20261001T050501Z_d7ea02dc,False,0.1.1,FALSE,TRUE,TRUE,BY019,BENIGN,"[{""key"":""spark.dynamicAllocation.enabled"",""value"":""false"",""decision"":""BENIGN"",""reason_code"":""B_DUPLICATE_EQUIVALENT"",""rationale"":""Spark 3.5.9 defaults dynamic allocation to false; in this fixed/static executor task, explicitly setting false duplicates the default and does not change the required behavior.""}]"
gpt6_sol,GPT-6 Sol,C1_frozen_official_docs_v04,F_A09,A_resource,R13_EXECUTOR_INSTANCES;R12_EXECUTOR_CORES;R01_EXECUTOR_MEMORY,DIRECT_REAL_CASE_ADAPTATION,,True,OK,PASS,True,PASS,True,,,application_1790519959162_0685,False,,,,,,,True,20261001T024637Z_05dad0d1,20261001T050501Z_d7ea02dc,False,0.1.1,TRUE,TRUE,FALSE,,STRICT_PASS,
gpt6_sol,GPT-6 Sol,C1_frozen_official_docs_v04,F_A10,A_resource,R13_EXECUTOR_INSTANCES;R12_EXECUTOR_CORES;R01_EXECUTOR_MEMORY;R08_EXECUTOR_MEMORY_OVERHEAD,DIRECT_REAL_CASE_ADAPTATION,,True,OK,PASS,True,PASS,True,,,application_1790519959162_0686,False,,,,,,,True,20261001T024637Z_05dad0d1,20261001T050501Z_d7ea02dc,False,0.1.1,TRUE,TRUE,FALSE,,STRICT_PASS,
gpt6_sol,GPT-6 Sol,C1_frozen_official_docs_v04,F_A11,A_resource,R13_EXECUTOR_INSTANCES;R12_EXECUTOR_CORES,DIRECT_REAL_CASE_ADAPTATION,,True,OK,FAIL,False,,False,STATIC,UNAUTHORIZED_SETTING;UNAUTHORIZED_SETTING,,True,True,,True,PASS,,application_1790519959162_0778,True,20261001T024637Z_05dad0d1,20261001T050501Z_d7ea02dc,False,0.1.1,FALSE,TRUE,TRUE,BY018,BENIGN,"[{""key"":""spark.dynamicAllocation.enabled"",""value"":""false"",""decision"":""BENIGN"",""reason_code"":""B_DUPLICATE_EQUIVALENT"",""rationale"":""Spark 3.5.9 defaults dynamic allocation to false; in this fixed/static executor task, explicitly setting false duplicates the default and does not change the required behavior.""},{""key"":""spark.master"",""value"":""yarn"",""decision"":""BENIGN"",""reason_code"":""B_ENVIRONMENT_RESTATEMENT"",""rationale"":""The task is explicitly framed for YARN and the benchmark execution environment is YARN; '--master yarn' restates that frozen environment without changing any task-required value/source.""}]"
gpt6_sol,GPT-6 Sol,C1_frozen_official_docs_v04,F_A12,A_resource,R01_EXECUTOR_MEMORY;R08_EXECUTOR_MEMORY_OVERHEAD,DIRECT_REAL_CASE_ADAPTATION,,True,OK,FAIL,False,,False,STATIC,UNAUTHORIZED_SETTING,,True,True,,True,PASS,,application_1790519959162_0779,True,20261001T024637Z_05dad0d1,20261001T050501Z_d7ea02dc,False,0.1.1,FALSE,TRUE,TRUE,BY035,BENIGN,"[{""key"":""spark.master"",""value"":""yarn"",""decision"":""BENIGN"",""reason_code"":""B_ENVIRONMENT_RESTATEMENT"",""rationale"":""The task is explicitly framed for YARN and the benchmark execution environment is YARN; '--master yarn' restates that frozen environment without changing any task-required value/source.""}]"
gpt6_sol,GPT-6 Sol,C1_frozen_official_docs_v04,F_A13,A_resource,R13_EXECUTOR_INSTANCES;R12_EXECUTOR_CORES,DIRECT_REAL_CASE_ADAPTATION,,True,OK,FAIL,False,,False,STATIC,UNAUTHORIZED_SETTING,,True,True,,True,PASS,,application_1790519959162_0780,True,20261001T024637Z_05dad0d1,20261001T050501Z_d7ea02dc,False,0.1.1,FALSE,TRUE,TRUE,BY027,BENIGN,"[{""key"":""spark.dynamicAllocation.enabled"",""value"":""false"",""decision"":""BENIGN"",""reason_code"":""B_DUPLICATE_EQUIVALENT"",""rationale"":""Spark 3.5.9 defaults dynamic allocation to false; in this fixed/static executor task, explicitly setting false duplicates the default and does not change the required behavior.""}]"
gpt6_sol,GPT-6 Sol,C1_frozen_official_docs_v04,F_A14,A_resource,R13_EXECUTOR_INSTANCES;R12_EXECUTOR_CORES;R01_EXECUTOR_MEMORY;R08_EXECUTOR_MEMORY_OVERHEAD,DIRECT_REAL_CASE_ADAPTATION,,True,OK,PASS,True,PASS,True,,,application_1790519959162_0687,False,,,,,,,True,20261001T024637Z_05dad0d1,20261001T050501Z_d7ea02dc,False,0.1.1,TRUE,TRUE,FALSE,,STRICT_PASS,
gpt6_sol,GPT-6 Sol,C1_frozen_official_docs_v04,F_A15,A_resource,R13_EXECUTOR_INSTANCES;R12_EXECUTOR_CORES;R01_EXECUTOR_MEMORY,DIRECT_REAL_CASE_ADAPTATION,,False,OK,FAIL,False,,False,STATIC,UNAUTHORIZED_SETTING,,True,True,,True,PASS,,application_1790519959162_0781,True,20261001T024637Z_05dad0d1,20261001T050501Z_d7ea02dc,True,0.1.1,FALSE,TRUE,TRUE,BY023,BENIGN,"[{""key"":""spark.dynamicAllocation.enabled"",""value"":""false"",""decision"":""BENIGN"",""reason_code"":""B_DUPLICATE_EQUIVALENT"",""rationale"":""Spark 3.5.9 defaults dynamic allocation to false; in this fixed/static executor task, explicitly setting false duplicates the default and does not change the required behavior.""}]"
gpt6_sol,GPT-6 Sol,C1_frozen_official_docs_v04,F_B01,B_driver_executor,R07_CLIENT_DRIVER_MEMORY_PLACEMENT;R01_EXECUTOR_MEMORY;R14_YARN_DEPLOY_MODE,DIRECT_REAL_CASE_ADAPTATION,,True,OK,PASS,True,PASS,True,,,application_1790519959162_0688,False,,,,,,,True,20261001T024637Z_05dad0d1,20261001T050501Z_d7ea02dc,False,0.1.1,TRUE,TRUE,FALSE,,STRICT_PASS,
gpt6_sol,GPT-6 Sol,C1_frozen_official_docs_v04,F_B02,B_driver_executor,R07_CLIENT_DRIVER_MEMORY_PLACEMENT;R13_EXECUTOR_INSTANCES;R12_EXECUTOR_CORES;R01_EXECUTOR_MEMORY;R14_YARN_DEPLOY_MODE,DIRECT_REAL_CASE_ADAPTATION,,True,OK,PASS,True,PASS,True,,,application_1790519959162_0689,False,,,,,,,True,20261001T024637Z_05dad0d1,20261001T050501Z_d7ea02dc,False,0.1.1,TRUE,TRUE,FALSE,,STRICT_PASS,
gpt6_sol,GPT-6 Sol,C1_frozen_official_docs_v04,F_B03,B_driver_executor,R07_CLIENT_DRIVER_MEMORY_PLACEMENT;R13_EXECUTOR_INSTANCES;R12_EXECUTOR_CORES;R01_EXECUTOR_MEMORY;R14_YARN_DEPLOY_MODE,DIRECT_REAL_CASE_ADAPTATION,,True,OK,PASS,True,PASS,True,,,application_1790519959162_0690,False,,,,,,,True,20261001T024637Z_05dad0d1,20261001T050501Z_d7ea02dc,False,0.1.1,TRUE,TRUE,FALSE,,STRICT_PASS,
gpt6_sol,GPT-6 Sol,C1_frozen_official_docs_v04,F_B04,B_driver_executor,R07_CLIENT_DRIVER_MEMORY_PLACEMENT;R13_EXECUTOR_INSTANCES;R12_EXECUTOR_CORES;R01_EXECUTOR_MEMORY;R14_YARN_DEPLOY_MODE,DIRECT_REAL_CASE_ADAPTATION,,True,OK,PASS,True,PASS,True,,,application_1790519959162_0691,False,,,,,,,True,20261001T024637Z_05dad0d1,20261001T050501Z_d7ea02dc,False,0.1.1,TRUE,TRUE,FALSE,,STRICT_PASS,
gpt6_sol,GPT-6 Sol,C1_frozen_official_docs_v04,F_B05,B_driver_executor,R07_CLIENT_DRIVER_MEMORY_PLACEMENT;R13_EXECUTOR_INSTANCES;R12_EXECUTOR_CORES;R01_EXECUTOR_MEMORY;R14_YARN_DEPLOY_MODE,DIRECT_REAL_CASE_ADAPTATION,,True,OK,PASS,True,PASS,True,,,application_1790519959162_0692,False,,,,,,,True,20261001T024637Z_05dad0d1,20261001T050501Z_d7ea02dc,False,0.1.1,TRUE,TRUE,FALSE,,STRICT_PASS,
gpt6_sol,GPT-6 Sol,C1_frozen_official_docs_v04,F_B06,B_driver_executor,R07_CLIENT_DRIVER_MEMORY_PLACEMENT;R13_EXECUTOR_INSTANCES;R12_EXECUTOR_CORES;R01_EXECUTOR_MEMORY;R14_YARN_DEPLOY_MODE,DIRECT_REAL_CASE_ADAPTATION,,True,OK,PASS,True,PASS,True,,,application_1790519959162_0693,False,,,,,,,True,20261001T024637Z_05dad0d1,20261001T050501Z_d7ea02dc,False,0.1.1,TRUE,TRUE,FALSE,,STRICT_PASS,
gpt6_sol,GPT-6 Sol,C1_frozen_official_docs_v04,F_B07,B_driver_executor,R07_CLIENT_DRIVER_MEMORY_PLACEMENT;R13_EXECUTOR_INSTANCES;R12_EXECUTOR_CORES;R01_EXECUTOR_MEMORY;R14_YARN_DEPLOY_MODE,DIRECT_REAL_CASE_ADAPTATION,,True,OK,PASS,True,PASS,True,,,application_1790519959162_0694,False,,,,,,,True,20261001T024637Z_05dad0d1,20261001T050501Z_d7ea02dc,False,0.1.1,TRUE,TRUE,FALSE,,STRICT_PASS,
gpt6_sol,GPT-6 Sol,C1_frozen_official_docs_v04,F_B08,B_driver_executor,R14_YARN_DEPLOY_MODE;R13_EXECUTOR_INSTANCES;R12_EXECUTOR_CORES;R01_EXECUTOR_MEMORY,DIRECT_REAL_CASE_ADAPTATION,,True,OK,FAIL,False,,False,STATIC,UNAUTHORIZED_SETTING,,True,True,,True,PASS,,application_1790519959162_0782,True,20261001T024637Z_05dad0d1,20261001T050501Z_d7ea02dc,False,0.1.1,FALSE,TRUE,TRUE,BY042,BENIGN,"[{""key"":""spark.dynamicAllocation.enabled"",""value"":""false"",""decision"":""BENIGN"",""reason_code"":""B_DUPLICATE_EQUIVALENT"",""rationale"":""Spark 3.5.9 defaults dynamic allocation to false; in this fixed/static executor task, explicitly setting false duplicates the default and does not change the required behavior.""}]"
gpt6_sol,GPT-6 Sol,C1_frozen_official_docs_v04,F_B09,B_driver_executor,R14_YARN_DEPLOY_MODE;R13_EXECUTOR_INSTANCES;R12_EXECUTOR_CORES;R01_EXECUTOR_MEMORY,DIRECT_REAL_CASE_ADAPTATION,,True,OK,PASS,True,PASS,True,,,application_1790519959162_0695,False,,,,,,,True,20261001T024637Z_05dad0d1,20261001T050501Z_d7ea02dc,False,0.1.1,TRUE,TRUE,FALSE,,STRICT_PASS,
gpt6_sol,GPT-6 Sol,C1_frozen_official_docs_v04,F_B10,B_driver_executor,R07_CLIENT_DRIVER_MEMORY_PLACEMENT;R13_EXECUTOR_INSTANCES;R12_EXECUTOR_CORES;R01_EXECUTOR_MEMORY;R04_YARN_QUEUE;R14_YARN_DEPLOY_MODE,DIRECT_REAL_CASE_ADAPTATION,,True,OK,PASS,True,PASS,True,,,application_1790519959162_0696,False,,,,,,,True,20261001T024637Z_05dad0d1,20261001T050501Z_d7ea02dc,False,0.1.1,TRUE,TRUE,FALSE,,STRICT_PASS,
gpt6_sol,GPT-6 Sol,C1_frozen_official_docs_v04,F_B11,B_driver_executor,R07_CLIENT_DRIVER_MEMORY_PLACEMENT;R13_EXECUTOR_INSTANCES;R12_EXECUTOR_CORES;R01_EXECUTOR_MEMORY;R14_YARN_DEPLOY_MODE,DIRECT_REAL_CASE_ADAPTATION,,True,OK,PASS,True,PASS,True,,,application_1790519959162_0697,False,,,,,,,True,20261001T024637Z_05dad0d1,20261001T050501Z_d7ea02dc,False,0.1.1,TRUE,TRUE,FALSE,,STRICT_PASS,
gpt6_sol,GPT-6 Sol,C1_frozen_official_docs_v04,F_B12,B_driver_executor,R14_YARN_DEPLOY_MODE;R13_EXECUTOR_INSTANCES;R12_EXECUTOR_CORES;R01_EXECUTOR_MEMORY,DIRECT_REAL_CASE_ADAPTATION,,True,OK,PASS,True,PASS,True,,,application_1790519959162_0698,False,,,,,,,True,20261001T024637Z_05dad0d1,20261001T050501Z_d7ea02dc,False,0.1.1,TRUE,TRUE,FALSE,,STRICT_PASS,
gpt6_sol,GPT-6 Sol,C1_frozen_official_docs_v04,F_B13,B_driver_executor,R14_YARN_DEPLOY_MODE;R13_EXECUTOR_INSTANCES;R12_EXECUTOR_CORES;R01_EXECUTOR_MEMORY,DIRECT_REAL_CASE_ADAPTATION,,True,OK,PASS,True,PASS,True,,,application_1790519959162_0699,False,,,,,,,True,20261001T024637Z_05dad0d1,20261001T050501Z_d7ea02dc,False,0.1.1,TRUE,TRUE,FALSE,,STRICT_PASS,
gpt6_sol,GPT-6 Sol,C1_frozen_official_docs_v04,F_B14,B_driver_executor,R07_CLIENT_DRIVER_MEMORY_PLACEMENT;R13_EXECUTOR_INSTANCES;R12_EXECUTOR_CORES;R01_EXECUTOR_MEMORY;R14_YARN_DEPLOY_MODE,DIRECT_REAL_CASE_ADAPTATION,,True,OK,PASS,True,PASS,True,,,application_1790519959162_0700,False,,,,,,,True,20261001T024637Z_05dad0d1,20261001T050501Z_d7ea02dc,False,0.1.1,TRUE,TRUE,FALSE,,STRICT_PASS,
gpt6_sol,GPT-6 Sol,C1_frozen_official_docs_v04,F_B15,B_driver_executor,R14_YARN_DEPLOY_MODE;R13_EXECUTOR_INSTANCES;R12_EXECUTOR_CORES;R01_EXECUTOR_MEMORY,DIRECT_REAL_CASE_ADAPTATION,,True,OK,PASS,True,PASS,True,,,application_1790519959162_0701,False,,,,,,,True,20261001T024637Z_05dad0d1,20261001T050501Z_d7ea02dc,False,0.1.1,TRUE,TRUE,FALSE,,STRICT_PASS,
gpt6_sol,GPT-6 Sol,C1_frozen_official_docs_v04,F_C01,C_yarn_deploy,R14_YARN_DEPLOY_MODE;R04_YARN_QUEUE,DIRECT_REAL_CASE_ADAPTATION,,True,OK,PASS,True,PASS,True,,,application_1790519959162_0702,False,,,,,,,True,20261001T024637Z_05dad0d1,20261001T050501Z_d7ea02dc,False,0.1.1,TRUE,TRUE,FALSE,,STRICT_PASS,
gpt6_sol,GPT-6 Sol,C1_frozen_official_docs_v04,F_C02,C_yarn_deploy,R14_YARN_DEPLOY_MODE;R04_YARN_QUEUE,DIRECT_REAL_CASE_ADAPTATION,,True,OK,PASS,True,PASS,True,,,application_1790519959162_0703,False,,,,,,,True,20261001T024637Z_05dad0d1,20261001T050501Z_d7ea02dc,False,0.1.1,TRUE,TRUE,FALSE,,STRICT_PASS,
gpt6_sol,GPT-6 Sol,C1_frozen_official_docs_v04,F_C03,C_yarn_deploy,R14_YARN_DEPLOY_MODE;R04_YARN_QUEUE;R05_WAIT_COMPLETION,DIRECT_REAL_CASE_ADAPTATION,,True,OK,PASS,True,PASS,True,,,application_1790519959162_0704,False,,,,,,,True,20261001T024637Z_05dad0d1,20261001T050501Z_d7ea02dc,False,0.1.1,TRUE,TRUE,FALSE,,STRICT_PASS,
gpt6_sol,GPT-6 Sol,C1_frozen_official_docs_v04,F_C04,C_yarn_deploy,R14_YARN_DEPLOY_MODE;R05_WAIT_COMPLETION,DIRECT_REAL_CASE_ADAPTATION,,True,OK,PASS,True,PASS,True,,,application_1790519959162_0705,False,,,,,,,True,20261001T024637Z_05dad0d1,20261001T050501Z_d7ea02dc,False,0.1.1,TRUE,TRUE,FALSE,,STRICT_PASS,
gpt6_sol,GPT-6 Sol,C1_frozen_official_docs_v04,F_C05,C_yarn_deploy,R14_YARN_DEPLOY_MODE;R04_YARN_QUEUE;R01_EXECUTOR_MEMORY;R05_WAIT_COMPLETION,DIRECT_REAL_CASE_ADAPTATION,,True,OK,PASS,True,PASS,True,,,application_1790519959162_0706,False,,,,,,,True,20261001T024637Z_05dad0d1,20261001T050501Z_d7ea02dc,False,0.1.1,TRUE,TRUE,FALSE,,STRICT_PASS,
gpt6_sol,GPT-6 Sol,C1_frozen_official_docs_v04,F_C06,C_yarn_deploy,R14_YARN_DEPLOY_MODE;R13_EXECUTOR_INSTANCES;R01_EXECUTOR_MEMORY,DIRECT_REAL_CASE_ADAPTATION,,True,OK,FAIL,False,,False,STATIC,UNAUTHORIZED_SETTING,,True,True,,True,PASS,,application_1790519959162_0783,True,20261001T024637Z_05dad0d1,20261001T050501Z_d7ea02dc,False,0.1.1,FALSE,TRUE,TRUE,BY020,BENIGN,"[{""key"":""spark.dynamicAllocation.enabled"",""value"":""false"",""decision"":""BENIGN"",""reason_code"":""B_DUPLICATE_EQUIVALENT"",""rationale"":""Spark 3.5.9 defaults dynamic allocation to false; in this fixed/static executor task, explicitly setting false duplicates the default and does not change the required behavior.""}]"
gpt6_sol,GPT-6 Sol,C1_frozen_official_docs_v04,F_C07,C_yarn_deploy,R14_YARN_DEPLOY_MODE;R13_EXECUTOR_INSTANCES;R12_EXECUTOR_CORES,DIRECT_REAL_CASE_ADAPTATION,,True,OK,FAIL,False,,False,STATIC,UNAUTHORIZED_SETTING,,True,True,,True,PASS,,application_1790519959162_0784,True,20261001T024637Z_05dad0d1,20261001T050501Z_d7ea02dc,False,0.1.1,FALSE,TRUE,TRUE,BY050,BENIGN,"[{""key"":""spark.dynamicAllocation.enabled"",""value"":""false"",""decision"":""BENIGN"",""reason_code"":""B_DUPLICATE_EQUIVALENT"",""rationale"":""Spark 3.5.9 defaults dynamic allocation to false; in this fixed/static executor task, explicitly setting false duplicates the default and does not change the required behavior.""}]"
gpt6_sol,GPT-6 Sol,C1_frozen_official_docs_v04,F_C08,C_yarn_deploy,R14_YARN_DEPLOY_MODE;R13_EXECUTOR_INSTANCES;R01_EXECUTOR_MEMORY;R05_WAIT_COMPLETION,DIRECT_REAL_CASE_ADAPTATION,,True,OK,FAIL,False,,False,STATIC,UNAUTHORIZED_SETTING,,True,True,,True,PASS,,application_1790519959162_0785,True,20261001T024637Z_05dad0d1,20261001T050501Z_d7ea02dc,False,0.1.1,FALSE,TRUE,TRUE,BY031,BENIGN,"[{""key"":""spark.dynamicAllocation.enabled"",""value"":""false"",""decision"":""BENIGN"",""reason_code"":""B_DUPLICATE_EQUIVALENT"",""rationale"":""Spark 3.5.9 defaults dynamic allocation to false; in this fixed/static executor task, explicitly setting false duplicates the default and does not change the required behavior.""}]"
gpt6_sol,GPT-6 Sol,C1_frozen_official_docs_v04,F_C09,C_yarn_deploy,R14_YARN_DEPLOY_MODE;R13_EXECUTOR_INSTANCES;R01_EXECUTOR_MEMORY;R05_WAIT_COMPLETION,DIRECT_REAL_CASE_ADAPTATION,,True,OK,PASS,True,PASS,True,,,application_1790519959162_0707,False,,,,,,,True,20261001T024637Z_05dad0d1,20261001T050501Z_d7ea02dc,False,0.1.1,TRUE,TRUE,FALSE,,STRICT_PASS,
gpt6_sol,GPT-6 Sol,C1_frozen_official_docs_v04,F_C10,C_yarn_deploy,R14_YARN_DEPLOY_MODE;R04_YARN_QUEUE;R13_EXECUTOR_INSTANCES;R12_EXECUTOR_CORES,DIRECT_REAL_CASE_ADAPTATION,,True,OK,PASS,True,PASS,True,,,application_1790519959162_0708,False,,,,,,,True,20261001T024637Z_05dad0d1,20261001T050501Z_d7ea02dc,False,0.1.1,TRUE,TRUE,FALSE,,STRICT_PASS,
gpt6_sol,GPT-6 Sol,C1_frozen_official_docs_v04,F_C11,C_yarn_deploy,R14_YARN_DEPLOY_MODE;R04_YARN_QUEUE;R13_EXECUTOR_INSTANCES;R12_EXECUTOR_CORES,DIRECT_REAL_CASE_ADAPTATION,,True,OK,PASS,True,PASS,True,,,application_1790519959162_0709,False,,,,,,,True,20261001T024637Z_05dad0d1,20261001T050501Z_d7ea02dc,False,0.1.1,TRUE,TRUE,FALSE,,STRICT_PASS,
gpt6_sol,GPT-6 Sol,C1_frozen_official_docs_v04,F_C12,C_yarn_deploy,R14_YARN_DEPLOY_MODE;R13_EXECUTOR_INSTANCES;R12_EXECUTOR_CORES,DIRECT_REAL_CASE_ADAPTATION,,True,OK,FAIL,False,,False,STATIC,UNAUTHORIZED_SETTING,,True,True,,True,PASS,,application_1790519959162_0786,True,20261001T024637Z_05dad0d1,20261001T050501Z_d7ea02dc,False,0.1.1,FALSE,TRUE,TRUE,BY060,BENIGN,"[{""key"":""spark.dynamicAllocation.enabled"",""value"":""false"",""decision"":""BENIGN"",""reason_code"":""B_DUPLICATE_EQUIVALENT"",""rationale"":""Spark 3.5.9 defaults dynamic allocation to false; in this fixed/static executor task, explicitly setting false duplicates the default and does not change the required behavior.""}]"
gpt6_sol,GPT-6 Sol,C1_frozen_official_docs_v04,F_C13,C_yarn_deploy,R14_YARN_DEPLOY_MODE;R13_EXECUTOR_INSTANCES;R12_EXECUTOR_CORES;R05_WAIT_COMPLETION,DIRECT_REAL_CASE_ADAPTATION,,True,OK,FAIL,False,,False,STATIC,UNAUTHORIZED_SETTING,,True,True,,True,PASS,,application_1790519959162_0787,True,20261001T024637Z_05dad0d1,20261001T050501Z_d7ea02dc,False,0.1.1,FALSE,TRUE,TRUE,BY015,BENIGN,"[{""key"":""spark.dynamicAllocation.enabled"",""value"":""false"",""decision"":""BENIGN"",""reason_code"":""B_DUPLICATE_EQUIVALENT"",""rationale"":""Spark 3.5.9 defaults dynamic allocation to false; in this fixed/static executor task, explicitly setting false duplicates the default and does not change the required behavior.""}]"
gpt6_sol,GPT-6 Sol,C1_frozen_official_docs_v04,F_C14,C_yarn_deploy,R14_YARN_DEPLOY_MODE;R13_EXECUTOR_INSTANCES;R12_EXECUTOR_CORES;R05_WAIT_COMPLETION,DIRECT_REAL_CASE_ADAPTATION,,True,OK,FAIL,False,,False,STATIC,UNAUTHORIZED_SETTING,,True,True,,True,PASS,,application_1790519959162_0788,True,20261001T024637Z_05dad0d1,20261001T050501Z_d7ea02dc,False,0.1.1,FALSE,TRUE,TRUE,BY044,BENIGN,"[{""key"":""spark.dynamicAllocation.enabled"",""value"":""false"",""decision"":""BENIGN"",""reason_code"":""B_DUPLICATE_EQUIVALENT"",""rationale"":""Spark 3.5.9 defaults dynamic allocation to false; in this fixed/static executor task, explicitly setting false duplicates the default and does not change the required behavior.""}]"
gpt6_sol,GPT-6 Sol,C1_frozen_official_docs_v04,F_C15,C_yarn_deploy,R14_YARN_DEPLOY_MODE;R04_YARN_QUEUE;R13_EXECUTOR_INSTANCES;R01_EXECUTOR_MEMORY,DIRECT_REAL_CASE_ADAPTATION,,True,OK,PASS,True,PASS,True,,,application_1790519959162_0710,False,,,,,,,True,20261001T024637Z_05dad0d1,20261001T050501Z_d7ea02dc,False,0.1.1,TRUE,TRUE,FALSE,,STRICT_PASS,
gpt6_sol,GPT-6 Sol,C1_frozen_official_docs_v04,F_D01,D_source_precedence,R02_SPARK_DEFAULTS_SOURCE;R01_EXECUTOR_MEMORY,DIRECT_REAL_CASE_ADAPTATION,,True,OK,PASS,True,PASS,True,,,application_1790519959162_0711,False,,,,,,,True,20261001T024637Z_05dad0d1,20261001T050501Z_d7ea02dc,False,0.1.1,TRUE,TRUE,FALSE,,STRICT_PASS,
gpt6_sol,GPT-6 Sol,C1_frozen_official_docs_v04,F_D02,D_source_precedence,R02_SPARK_DEFAULTS_SOURCE;R12_EXECUTOR_CORES,DIRECT_REAL_CASE_ADAPTATION,,True,OK,PASS,True,PASS,True,,,application_1790519959162_0712,False,,,,,,,True,20261001T024637Z_05dad0d1,20261001T050501Z_d7ea02dc,False,0.1.1,TRUE,TRUE,FALSE,,STRICT_PASS,
gpt6_sol,GPT-6 Sol,C1_frozen_official_docs_v04,F_D03,D_source_precedence,R02_SPARK_DEFAULTS_SOURCE;R01_EXECUTOR_MEMORY;R12_EXECUTOR_CORES,DIRECT_REAL_CASE_ADAPTATION,,True,OK,PASS,True,PASS,True,,,application_1790519959162_0713,False,,,,,,,True,20261001T024637Z_05dad0d1,20261001T050501Z_d7ea02dc,False,0.1.1,TRUE,TRUE,FALSE,,STRICT_PASS,
gpt6_sol,GPT-6 Sol,C1_frozen_official_docs_v04,F_D04,D_source_precedence,R03_CLI_OVER_DEFAULTS;R01_EXECUTOR_MEMORY,DIRECT_REAL_CASE_ADAPTATION,,True,OK,PASS,True,PASS,True,,,application_1790519959162_0714,False,,,,,,,True,20261001T024637Z_05dad0d1,20261001T050501Z_d7ea02dc,False,0.1.1,TRUE,TRUE,FALSE,,STRICT_PASS,
gpt6_sol,GPT-6 Sol,C1_frozen_official_docs_v04,F_D05,D_source_precedence,R03_CLI_OVER_DEFAULTS;R12_EXECUTOR_CORES,DIRECT_REAL_CASE_ADAPTATION,,True,OK,PASS,True,PASS,True,,,application_1790519959162_0715,False,,,,,,,True,20261001T024637Z_05dad0d1,20261001T050501Z_d7ea02dc,False,0.1.1,TRUE,TRUE,FALSE,,STRICT_PASS,
gpt6_sol,GPT-6 Sol,C1_frozen_official_docs_v04,F_D06,D_source_precedence,R03_CLI_OVER_DEFAULTS;R01_EXECUTOR_MEMORY,DIRECT_REAL_CASE_ADAPTATION,,True,OK,PASS,True,PASS,True,,,application_1790519959162_0716,False,,,,,,,True,20261001T024637Z_05dad0d1,20261001T050501Z_d7ea02dc,False,0.1.1,TRUE,TRUE,FALSE,,STRICT_PASS,
gpt6_sol,GPT-6 Sol,C1_frozen_official_docs_v04,F_D07,D_source_precedence,R03_CLI_OVER_DEFAULTS;R01_EXECUTOR_MEMORY,DIRECT_REAL_CASE_ADAPTATION,,True,OK,PASS,True,PASS,True,,,application_1790519959162_0717,False,,,,,,,True,20261001T024637Z_05dad0d1,20261001T050501Z_d7ea02dc,False,0.1.1,TRUE,TRUE,FALSE,,STRICT_PASS,
gpt6_sol,GPT-6 Sol,C1_frozen_official_docs_v04,F_D08,D_source_precedence,R03_CLI_OVER_DEFAULTS;R12_EXECUTOR_CORES,DIRECT_REAL_CASE_ADAPTATION,,True,OK,PASS,True,PASS,True,,,application_1790519959162_0718,False,,,,,,,True,20261001T024637Z_05dad0d1,20261001T050501Z_d7ea02dc,False,0.1.1,TRUE,TRUE,FALSE,,STRICT_PASS,
gpt6_sol,GPT-6 Sol,C1_frozen_official_docs_v04,F_D09,D_source_precedence,R09_PROPERTIES_FILE;R01_EXECUTOR_MEMORY,DIRECT_REAL_CASE_ADAPTATION,,True,OK,PASS,True,PASS,True,,,application_1790519959162_0719,False,,,,,,,True,20261001T024637Z_05dad0d1,20261001T050501Z_d7ea02dc,False,0.1.1,TRUE,TRUE,FALSE,,STRICT_PASS,
gpt6_sol,GPT-6 Sol,C1_frozen_official_docs_v04,F_D10,D_source_precedence,R09_PROPERTIES_FILE;R01_EXECUTOR_MEMORY;R12_EXECUTOR_CORES,DIRECT_REAL_CASE_ADAPTATION,,True,OK,PASS,True,PASS,True,,,application_1790519959162_0720,False,,,,,,,True,20261001T024637Z_05dad0d1,20261001T050501Z_d7ea02dc,False,0.1.1,TRUE,TRUE,FALSE,,STRICT_PASS,
gpt6_sol,GPT-6 Sol,C1_frozen_official_docs_v04,F_D11,D_source_precedence,R02_SPARK_DEFAULTS_SOURCE;R06_DYNAMIC_SHUFFLE_TRACKING,DIRECT_REAL_CASE_ADAPTATION,,True,OK,PASS,True,PASS,True,,,application_1790519959162_0721,False,,,,,,,True,20261001T024637Z_05dad0d1,20261001T050501Z_d7ea02dc,False,0.1.1,TRUE,TRUE,FALSE,,STRICT_PASS,
gpt6_sol,GPT-6 Sol,C1_frozen_official_docs_v04,F_D12,D_source_precedence,R02_SPARK_DEFAULTS_SOURCE;R14_YARN_DEPLOY_MODE,DIRECT_REAL_CASE_ADAPTATION,,True,OK,PASS,True,PASS,True,,,application_1790519959162_0722,False,,,,,,,True,20261001T024637Z_05dad0d1,20261001T050501Z_d7ea02dc,False,0.1.1,TRUE,TRUE,FALSE,,STRICT_PASS,
gpt6_sol,GPT-6 Sol,C1_frozen_official_docs_v04,F_D13,D_source_precedence,R03_CLI_OVER_DEFAULTS;R01_EXECUTOR_MEMORY;R12_EXECUTOR_CORES,DIRECT_REAL_CASE_ADAPTATION,,True,OK,PASS,True,PASS,True,,,application_1790519959162_0723,False,,,,,,,True,20261001T024637Z_05dad0d1,20261001T050501Z_d7ea02dc,False,0.1.1,TRUE,TRUE,FALSE,,STRICT_PASS,
gpt6_sol,GPT-6 Sol,C1_frozen_official_docs_v04,F_D14,D_source_precedence,R02_SPARK_DEFAULTS_SOURCE;R04_YARN_QUEUE,DIRECT_REAL_CASE_ADAPTATION,,True,OK,PASS,True,PASS,True,,,application_1790519959162_0724,False,,,,,,,True,20261001T024637Z_05dad0d1,20261001T050501Z_d7ea02dc,False,0.1.1,TRUE,TRUE,FALSE,,STRICT_PASS,
gpt6_sol,GPT-6 Sol,C1_frozen_official_docs_v04,F_D15,D_source_precedence,R09_PROPERTIES_FILE;R06_DYNAMIC_SHUFFLE_TRACKING,DIRECT_REAL_CASE_ADAPTATION,,True,OK,PASS,True,PASS,True,,,application_1790519959162_0725,False,,,,,,,True,20261001T024637Z_05dad0d1,20261001T050501Z_d7ea02dc,False,0.1.1,TRUE,TRUE,FALSE,,STRICT_PASS,
gpt6_sol,GPT-6 Sol,C1_frozen_official_docs_v04,F_E01,E_dependency_interaction,R06_DYNAMIC_SHUFFLE_TRACKING,DIRECT_REAL_CASE_ADAPTATION,,True,OK,PASS,True,PASS,True,,,application_1790519959162_0726,False,,,,,,,True,20261001T024637Z_05dad0d1,20261001T050501Z_d7ea02dc,False,0.1.1,TRUE,TRUE,FALSE,,STRICT_PASS,
gpt6_sol,GPT-6 Sol,C1_frozen_official_docs_v04,F_E02,E_dependency_interaction,R06_DYNAMIC_SHUFFLE_TRACKING;R10_DYNAMIC_SCALE_RUNTIME,DIRECT_REAL_CASE_ADAPTATION,,True,OK,PASS,True,PASS,True,,,application_1790519959162_0727,False,,,,,,,True,20261001T024637Z_05dad0d1,20261001T050501Z_d7ea02dc,False,0.1.1,TRUE,TRUE,FALSE,,STRICT_PASS,
gpt6_sol,GPT-6 Sol,C1_frozen_official_docs_v04,F_E03,E_dependency_interaction,R06_DYNAMIC_SHUFFLE_TRACKING;R10_DYNAMIC_SCALE_RUNTIME,DIRECT_REAL_CASE_ADAPTATION,,True,OK,PASS,True,PASS,True,,,application_1790519959162_0728,False,,,,,,,True,20261001T024637Z_05dad0d1,20261001T050501Z_d7ea02dc,False,0.1.1,TRUE,TRUE,FALSE,,STRICT_PASS,
gpt6_sol,GPT-6 Sol,C1_frozen_official_docs_v04,F_E04,E_dependency_interaction,R06_DYNAMIC_SHUFFLE_TRACKING;R10_DYNAMIC_SCALE_RUNTIME,DIRECT_REAL_CASE_ADAPTATION,,True,OK,FAIL,False,,False,STATIC,UNAUTHORIZED_SETTING;UNSUPPORTED_VALIDATOR_KEY,,True,True,,True,PASS,,application_1790519959162_0789,True,20261001T024637Z_05dad0d1,20261001T050501Z_d7ea02dc,False,0.1.1,FALSE,TRUE,TRUE,BY032,BENIGN,"[{""key"":""spark.dynamicAllocation.executorIdleTimeout"",""value"":""60s"",""decision"":""BENIGN"",""reason_code"":""B_DUPLICATE_EQUIVALENT"",""rationale"":""Spark 3.5.9 defaults executorIdleTimeout to 60s; explicitly setting 60s duplicates the default and is consistent with the task's requirement that idle executors be removed.""}]"
gpt6_sol,GPT-6 Sol,C1_frozen_official_docs_v04,F_E05,E_dependency_interaction,R11_DYNAMIC_INITIAL_PRECEDENCE;R06_DYNAMIC_SHUFFLE_TRACKING,DIRECT_REAL_CASE_ADAPTATION,,True,OK,PASS,True,PASS,True,,,application_1790519959162_0729,False,,,,,,,True,20261001T024637Z_05dad0d1,20261001T050501Z_d7ea02dc,False,0.1.1,TRUE,TRUE,FALSE,,STRICT_PASS,
gpt6_sol,GPT-6 Sol,C1_frozen_official_docs_v04,F_E06,E_dependency_interaction,R11_DYNAMIC_INITIAL_PRECEDENCE;R06_DYNAMIC_SHUFFLE_TRACKING,DIRECT_REAL_CASE_ADAPTATION,,True,OK,PASS,True,PASS,True,,,application_1790519959162_0730,False,,,,,,,True,20261001T024637Z_05dad0d1,20261001T050501Z_d7ea02dc,False,0.1.1,TRUE,TRUE,FALSE,,STRICT_PASS,
gpt6_sol,GPT-6 Sol,C1_frozen_official_docs_v04,F_E07,E_dependency_interaction,R11_DYNAMIC_INITIAL_PRECEDENCE;R06_DYNAMIC_SHUFFLE_TRACKING,DIRECT_REAL_CASE_ADAPTATION,,True,OK,PASS,True,PASS,True,,,application_1790519959162_0731,False,,,,,,,True,20261001T024637Z_05dad0d1,20261001T050501Z_d7ea02dc,False,0.1.1,TRUE,TRUE,FALSE,,STRICT_PASS,
gpt6_sol,GPT-6 Sol,C1_frozen_official_docs_v04,F_E08,E_dependency_interaction,R12_EXECUTOR_CORES;R10_DYNAMIC_SCALE_RUNTIME;R06_DYNAMIC_SHUFFLE_TRACKING,DIRECT_REAL_CASE_ADAPTATION,,True,OK,FAIL,False,,False,STATIC,UNAUTHORIZED_SETTING,,True,False,STATIC,False,,UNAUTHORIZED_SETTING;UNSUPPORTED_VALIDATOR_KEY,,False,20261001T024637Z_05dad0d1,20261001T050501Z_d7ea02dc,False,0.1.1,FALSE,TRUE,TRUE,BY010,BENIGN,"[{""key"":""spark.master"",""value"":""yarn"",""decision"":""BENIGN"",""reason_code"":""B_ENVIRONMENT_RESTATEMENT"",""rationale"":""The task is explicitly framed for YARN and the benchmark execution environment is YARN; '--master yarn' restates that frozen environment without changing any task-required value/source.""}]"
gpt6_sol,GPT-6 Sol,C1_frozen_official_docs_v04,F_E09,E_dependency_interaction,R01_EXECUTOR_MEMORY;R12_EXECUTOR_CORES;R06_DYNAMIC_SHUFFLE_TRACKING;R10_DYNAMIC_SCALE_RUNTIME,DIRECT_REAL_CASE_ADAPTATION,,True,OK,PASS,True,PASS,True,,,application_1790519959162_0732,False,,,,,,,True,20261001T024637Z_05dad0d1,20261001T050501Z_d7ea02dc,False,0.1.1,TRUE,TRUE,FALSE,,STRICT_PASS,
gpt6_sol,GPT-6 Sol,C1_frozen_official_docs_v04,F_E10,E_dependency_interaction,R14_YARN_DEPLOY_MODE;R06_DYNAMIC_SHUFFLE_TRACKING;R10_DYNAMIC_SCALE_RUNTIME;R05_WAIT_COMPLETION,COMPOSITION_OF_REAL_CASE_RULES,,True,OK,PASS,True,PASS,True,,,application_1790519959162_0733,False,,,,,,,True,20261001T024637Z_05dad0d1,20261001T050501Z_d7ea02dc,False,0.1.1,TRUE,TRUE,FALSE,,STRICT_PASS,
gpt6_sol,GPT-6 Sol,C1_frozen_official_docs_v04,F_E11,E_dependency_interaction,R04_YARN_QUEUE;R06_DYNAMIC_SHUFFLE_TRACKING;R10_DYNAMIC_SCALE_RUNTIME,COMPOSITION_OF_REAL_CASE_RULES,,True,OK,PASS,True,PASS,True,,,application_1790519959162_0734,False,,,,,,,True,20261001T024637Z_05dad0d1,20261001T050501Z_d7ea02dc,False,0.1.1,TRUE,TRUE,FALSE,,STRICT_PASS,
gpt6_sol,GPT-6 Sol,C1_frozen_official_docs_v04,F_E12,E_dependency_interaction,R06_DYNAMIC_SHUFFLE_TRACKING;R10_DYNAMIC_SCALE_RUNTIME,DIRECT_REAL_CASE_ADAPTATION,,True,OK,FAIL,False,,False,STATIC,MISSING_REQUIRED_SETTING,,True,True,,True,PASS,,application_1790519959162_0790,True,20261001T024637Z_05dad0d1,20261001T050501Z_d7ea02dc,False,0.1.1,FALSE,FALSE,FALSE,,STRICT_FAIL_NONCANDIDATE,
gpt6_sol,GPT-6 Sol,C1_frozen_official_docs_v04,F_E13,E_dependency_interaction,R12_EXECUTOR_CORES;R06_DYNAMIC_SHUFFLE_TRACKING;R10_DYNAMIC_SCALE_RUNTIME,DIRECT_REAL_CASE_ADAPTATION,,True,OK,PASS,True,PASS,True,,,application_1790519959162_0735,False,,,,,,,True,20261001T024637Z_05dad0d1,20261001T050501Z_d7ea02dc,False,0.1.1,TRUE,TRUE,FALSE,,STRICT_PASS,
gpt6_sol,GPT-6 Sol,C1_frozen_official_docs_v04,F_E14,E_dependency_interaction,R11_DYNAMIC_INITIAL_PRECEDENCE;R01_EXECUTOR_MEMORY;R06_DYNAMIC_SHUFFLE_TRACKING,DIRECT_REAL_CASE_ADAPTATION,,True,OK,PASS,True,PASS,True,,,application_1790519959162_0736,False,,,,,,,True,20261001T024637Z_05dad0d1,20261001T050501Z_d7ea02dc,False,0.1.1,TRUE,TRUE,FALSE,,STRICT_PASS,
gpt6_sol,GPT-6 Sol,C1_frozen_official_docs_v04,F_E15,E_dependency_interaction,R06_DYNAMIC_SHUFFLE_TRACKING;R10_DYNAMIC_SCALE_RUNTIME,DIRECT_REAL_CASE_ADAPTATION,,True,OK,PASS,True,PASS,True,,,application_1790519959162_0737,False,,,,,,,True,20261001T024637Z_05dad0d1,20261001T050501Z_d7ea02dc,False,0.1.1,TRUE,TRUE,FALSE,,STRICT_PASS,
gpt6_sol,GPT-6 Sol,C1_frozen_official_docs_v04,F_F01,F_integrated,R14_YARN_DEPLOY_MODE;R13_EXECUTOR_INSTANCES;R12_EXECUTOR_CORES;R01_EXECUTOR_MEMORY;R05_WAIT_COMPLETION,DIRECT_REAL_CASE_ADAPTATION,,True,OK,PASS,True,PASS,True,,,application_1790519959162_0738,False,,,,,,,True,20261001T024637Z_05dad0d1,20261001T050501Z_d7ea02dc,False,0.1.1,TRUE,TRUE,FALSE,,STRICT_PASS,
gpt6_sol,GPT-6 Sol,C1_frozen_official_docs_v04,F_F02,F_integrated,R07_CLIENT_DRIVER_MEMORY_PLACEMENT;R13_EXECUTOR_INSTANCES;R12_EXECUTOR_CORES;R01_EXECUTOR_MEMORY;R04_YARN_QUEUE;R14_YARN_DEPLOY_MODE,DIRECT_REAL_CASE_ADAPTATION,,True,OK,PASS,True,PASS,True,,,application_1790519959162_0739,False,,,,,,,True,20261001T024637Z_05dad0d1,20261001T050501Z_d7ea02dc,False,0.1.1,TRUE,TRUE,FALSE,,STRICT_PASS,
gpt6_sol,GPT-6 Sol,C1_frozen_official_docs_v04,F_F03,F_integrated,R14_YARN_DEPLOY_MODE;R13_EXECUTOR_INSTANCES;R12_EXECUTOR_CORES;R01_EXECUTOR_MEMORY;R08_EXECUTOR_MEMORY_OVERHEAD;R05_WAIT_COMPLETION,DIRECT_REAL_CASE_ADAPTATION,,True,OK,PASS,True,PASS,True,,,application_1790519959162_0740,False,,,,,,,True,20261001T024637Z_05dad0d1,20261001T050501Z_d7ea02dc,False,0.1.1,TRUE,TRUE,FALSE,,STRICT_PASS,
gpt6_sol,GPT-6 Sol,C1_frozen_official_docs_v04,F_F04,F_integrated,R14_YARN_DEPLOY_MODE;R01_EXECUTOR_MEMORY;R12_EXECUTOR_CORES;R06_DYNAMIC_SHUFFLE_TRACKING;R10_DYNAMIC_SCALE_RUNTIME;R05_WAIT_COMPLETION,DIRECT_REAL_CASE_ADAPTATION,,True,OK,PASS,True,PASS,True,,,application_1790519959162_0741,False,,,,,,,True,20261001T024637Z_05dad0d1,20261001T050501Z_d7ea02dc,False,0.1.1,TRUE,TRUE,FALSE,,STRICT_PASS,
gpt6_sol,GPT-6 Sol,C1_frozen_official_docs_v04,F_F05,F_integrated,R03_CLI_OVER_DEFAULTS;R14_YARN_DEPLOY_MODE;R01_EXECUTOR_MEMORY;R13_EXECUTOR_INSTANCES;R12_EXECUTOR_CORES;R04_YARN_QUEUE;R05_WAIT_COMPLETION,COMPOSITION_OF_REAL_CASE_RULES,,True,OK,PASS,True,PASS,True,,,application_1790519959162_0742,False,,,,,,,True,20261001T024637Z_05dad0d1,20261001T050501Z_d7ea02dc,False,0.1.1,TRUE,TRUE,FALSE,,STRICT_PASS,
gpt6_sol,GPT-6 Sol,C1_frozen_official_docs_v04,F_F06,F_integrated,R14_YARN_DEPLOY_MODE;R04_YARN_QUEUE;R13_EXECUTOR_INSTANCES;R12_EXECUTOR_CORES;R01_EXECUTOR_MEMORY;R05_WAIT_COMPLETION,DIRECT_REAL_CASE_ADAPTATION,,True,OK,PASS,True,PASS,True,,,application_1790519959162_0743,False,,,,,,,True,20261001T024637Z_05dad0d1,20261001T050501Z_d7ea02dc,False,0.1.1,TRUE,TRUE,FALSE,,STRICT_PASS,
gpt6_sol,GPT-6 Sol,C1_frozen_official_docs_v04,F_F07,F_integrated,R07_CLIENT_DRIVER_MEMORY_PLACEMENT;R13_EXECUTOR_INSTANCES;R12_EXECUTOR_CORES;R01_EXECUTOR_MEMORY;R04_YARN_QUEUE;R14_YARN_DEPLOY_MODE,DIRECT_REAL_CASE_ADAPTATION,,True,OK,PASS,True,PASS,True,,,application_1790519959162_0744,False,,,,,,,True,20261001T024637Z_05dad0d1,20261001T050501Z_d7ea02dc,False,0.1.1,TRUE,TRUE,FALSE,,STRICT_PASS,
gpt6_sol,GPT-6 Sol,C1_frozen_official_docs_v04,F_F08,F_integrated,R14_YARN_DEPLOY_MODE;R04_YARN_QUEUE;R13_EXECUTOR_INSTANCES;R01_EXECUTOR_MEMORY;R08_EXECUTOR_MEMORY_OVERHEAD;R05_WAIT_COMPLETION,DIRECT_REAL_CASE_ADAPTATION,,True,OK,PASS,True,PASS,True,,,application_1790519959162_0745,False,,,,,,,True,20261001T024637Z_05dad0d1,20261001T050501Z_d7ea02dc,False,0.1.1,TRUE,TRUE,FALSE,,STRICT_PASS,
gpt6_sol,GPT-6 Sol,C1_frozen_official_docs_v04,F_F09,F_integrated,R14_YARN_DEPLOY_MODE;R04_YARN_QUEUE;R11_DYNAMIC_INITIAL_PRECEDENCE;R06_DYNAMIC_SHUFFLE_TRACKING,DIRECT_REAL_CASE_ADAPTATION,,True,OK,PASS,True,PASS,True,,,application_1790519959162_0746,False,,,,,,,True,20261001T024637Z_05dad0d1,20261001T050501Z_d7ea02dc,False,0.1.1,TRUE,TRUE,FALSE,,STRICT_PASS,
gpt6_sol,GPT-6 Sol,C1_frozen_official_docs_v04,F_F10,F_integrated,R03_CLI_OVER_DEFAULTS;R14_YARN_DEPLOY_MODE;R01_EXECUTOR_MEMORY;R12_EXECUTOR_CORES;R13_EXECUTOR_INSTANCES;R05_WAIT_COMPLETION,COMPOSITION_OF_REAL_CASE_RULES,,True,OK,PASS,True,PASS,True,,,application_1790519959162_0747,False,,,,,,,True,20261001T024637Z_05dad0d1,20261001T050501Z_d7ea02dc,False,0.1.1,TRUE,TRUE,FALSE,,STRICT_PASS,
gpt6_sol,GPT-6 Sol,C1_frozen_official_docs_v04,F_F11,F_integrated,R14_YARN_DEPLOY_MODE;R04_YARN_QUEUE;R06_DYNAMIC_SHUFFLE_TRACKING;R10_DYNAMIC_SCALE_RUNTIME;R05_WAIT_COMPLETION,COMPOSITION_OF_REAL_CASE_RULES,,True,OK,FAIL,False,,False,STATIC,MISSING_REQUIRED_SETTING,,True,True,,True,PASS,,application_1790519959162_0791,True,20261001T024637Z_05dad0d1,20261001T050501Z_d7ea02dc,False,0.1.1,FALSE,FALSE,FALSE,,STRICT_FAIL_NONCANDIDATE,
gpt6_sol,GPT-6 Sol,C1_frozen_official_docs_v04,F_F12,F_integrated,R07_CLIENT_DRIVER_MEMORY_PLACEMENT;R13_EXECUTOR_INSTANCES;R12_EXECUTOR_CORES;R01_EXECUTOR_MEMORY;R04_YARN_QUEUE;R14_YARN_DEPLOY_MODE,DIRECT_REAL_CASE_ADAPTATION,,True,OK,PASS,True,PASS,True,,,application_1790519959162_0748,False,,,,,,,True,20261001T024637Z_05dad0d1,20261001T050501Z_d7ea02dc,False,0.1.1,TRUE,TRUE,FALSE,,STRICT_PASS,
gpt6_sol,GPT-6 Sol,C1_frozen_official_docs_v04,F_F13,F_integrated,R14_YARN_DEPLOY_MODE;R04_YARN_QUEUE;R13_EXECUTOR_INSTANCES;R12_EXECUTOR_CORES;R01_EXECUTOR_MEMORY;R08_EXECUTOR_MEMORY_OVERHEAD;R05_WAIT_COMPLETION,DIRECT_REAL_CASE_ADAPTATION,,True,OK,PASS,True,PASS,True,,,application_1790519959162_0749,False,,,,,,,True,20261001T024637Z_05dad0d1,20261001T050501Z_d7ea02dc,False,0.1.1,TRUE,TRUE,FALSE,,STRICT_PASS,
gpt6_sol,GPT-6 Sol,C1_frozen_official_docs_v04,F_F14,F_integrated,R14_YARN_DEPLOY_MODE;R04_YARN_QUEUE;R13_EXECUTOR_INSTANCES;R12_EXECUTOR_CORES;R01_EXECUTOR_MEMORY;R05_WAIT_COMPLETION,DIRECT_REAL_CASE_ADAPTATION,,True,OK,PASS,True,PASS,True,,,application_1790519959162_0750,False,,,,,,,True,20261001T024637Z_05dad0d1,20261001T050501Z_d7ea02dc,False,0.1.1,TRUE,TRUE,FALSE,,STRICT_PASS,
gpt6_sol,GPT-6 Sol,C1_frozen_official_docs_v04,F_F15,F_integrated,R14_YARN_DEPLOY_MODE;R04_YARN_QUEUE;R01_EXECUTOR_MEMORY;R12_EXECUTOR_CORES;R06_DYNAMIC_SHUFFLE_TRACKING;R10_DYNAMIC_SCALE_RUNTIME,COMPOSITION_OF_REAL_CASE_RULES,,True,OK,FAIL,False,,False,STATIC,UNAUTHORIZED_SETTING,,True,True,,True,PASS,,application_1790519959162_0792,True,20261001T024637Z_05dad0d1,20261001T050501Z_d7ea02dc,False,0.1.1,FALSE,TRUE,TRUE,BY024,BENIGN,"[{""key"":""spark.executor.instances"",""value"":""1"",""decision"":""BENIGN"",""reason_code"":""B_DUPLICATE_EQUIVALENT"",""rationale"":""With dynamic allocation, Spark uses spark.executor.instances only when it is larger than the configured dynamic initial count; here both are 1, so the extra does not change the initial executor count.""}]"
